name,number_successful_grasps,total_time,pos_drift_under_005,pos_drift_under_010,pos_drift_under_015,pos_drift_under_025,rot_drift_under_010,rot_drift_under_012,rot_drift_under_015,rot_drift_under_025,rot_pos_setting_1,rot_pos_setting_2,rot_pos_setting_3,rot_pos_setting_4
TOP_TEN_HI,1,81.7187614440918,0,0,0,1,1,1,1,1,0,0,0,1
Lutein,474,773.0436775684357,285,423,462,474,472,473,474,474,285,423,462,474
077_rubiks_cube,545,612.6359169483185,249,483,527,543,539,542,544,545,249,483,527,543
Bradshaw_International_11642_7_Qt_MP_Plastic_Bowl,14,45.51770353317261,0,4,6,13,12,13,14,14,0,3,6,13
BALANCING_CACTUS,71,197.77909803390503,26,50,61,69,69,70,71,71,26,50,61,69
2_of_Jenga_Classic_Game,16,114.639741897583,3,6,10,14,16,16,16,16,3,6,10,14
SIT_N_WALK_PUPPY,151,298.12856006622314,45,87,127,147,141,142,145,149,45,85,124,146
061_foam_brick,513,628.0916075706482,237,429,487,510,502,509,511,513,236,428,487,510
Corningware_CW_by_Corningware_3qt_Oblong_Casserole_Dish_Blue,36,84.20903468132019,3,12,23,30,30,31,33,36,3,12,23,30
Canon_Pixma_Ink_Cartridge_251_M,110,399.2406322956085,47,70,85,99,80,85,89,98,47,68,83,95
Cole_Hardware_Deep_Bowl_Good_Earth_1075,23,59.02352023124695,2,9,13,21,19,20,20,22,2,9,13,21
TOWER_TUMBLING,92,183.48558592796329,31,65,73,86,90,92,92,92,30,65,73,86
Cole_Hardware_Flower_Pot_1025,4,36.712626695632935,0,0,2,2,2,2,3,3,0,0,2,2
OXO_Cookie_Spatula,237,555.9979913234711,26,66,130,181,83,108,135,185,24,59,102,164
Whey_Protein_Vanilla,1,55.8539342880249,0,0,0,1,1,1,1,1,0,0,0,1
Final_Fantasy_XIV_A_Realm_Reborn_60Day_Subscription,30,260.94722175598145,7,14,20,26,18,21,24,28,6,11,19,26
Office_Depot_Canon_CLI_221BK_Ink_Cartridge_Black_2946B001,141,340.7075548171997,71,111,128,140,137,139,141,141,71,111,128,140
Reebok_ZIGLITE_RUSH,22,136.26795315742493,2,13,19,22,22,22,22,22,2,13,19,22
QAbsorb_CoQ10_53iUqjWjW3O,437,683.9502956867218,244,401,427,437,434,436,437,437,244,401,427,437
Reebok_CL_LTHR_R12,12,122.61988067626952,2,3,6,12,12,12,12,12,2,3,6,12
F5_TRX_FG,58,199.8983612060547,8,25,40,53,55,57,57,58,8,25,40,53
Calphalon_Kitchen_Essentials_12_Cast_Iron_Fry_Pan_Black,15,64.9669942855835,1,4,5,10,10,12,13,15,1,4,5,10
The_Scooper_Hooper,37,159.0312533378601,10,20,28,30,27,27,27,32,10,19,25,29
Black_Forest_Fruit_Snacks_Juicy_Filled_Centers_10_pouches_9_oz_total,6,112.78146886825562,1,4,5,6,6,6,6,6,1,4,5,6
REEF_ZENFUN,128,351.8630881309509,26,77,102,126,109,113,120,126,24,74,101,125
007_tuna_fish_can,527,706.3874390125275,286,470,511,526,505,516,523,527,285,465,508,526
036_wood_block,3,113.7683892250061,0,1,1,3,3,3,3,3,0,1,1,3
AllergenFree_JarroDophilus,446,727.1212315559387,272,402,435,446,443,446,446,446,272,402,435,446
GIRLS_DECKHAND,96,295.06116676330566,31,70,85,95,94,94,94,96,31,70,84,95
Nestle_Skinny_Cow_Dreamy_Clusters_Candy_Dark_Chocolate_6_pack_1_oz_pouches,31,157.60587882995603,11,27,29,30,31,31,31,31,11,27,29,30
Sony_Downloadable_Loops,31,244.80024337768555,12,20,25,29,27,29,31,31,12,20,25,29
017_orange,929,991.928569316864,402,856,928,929,927,929,929,929,402,856,928,929
Asus_Sabertooth_Z97_MARK_1_Motherboard_ATX_LGA1150_Socket,0,20.969356536865234,0,0,0,0,0,0,0,0,0,0,0,0
Womens_Hikerfish_Boot_in_Linen_Leather_Sparkle_Suede_imlP8VkwqIH,16,160.54912948608398,1,7,12,13,15,16,16,16,1,7,12,13
Reebok_FUELTRAIN,28,141.2147307395935,5,13,17,27,28,28,28,28,5,13,17,27
Just_For_Men_ShampooIn_Haircolor_Jet_Black_60,107,306.15742564201355,58,89,104,107,107,107,107,107,58,89,104,107
Sterilite_Caddy_Blue_Sky_17_58_x_12_58_x_9_14,0,16.209500551223755,0,0,0,0,0,0,0,0,0,0,0,0
ASICS_GELLinksmaster_WhiteSilverCarolina_Blue,26,167.76715970039368,3,14,16,23,25,26,26,26,3,14,16,23
Kotex_U_Tween_Pads_16_pads,2,111.64072632789612,1,1,2,2,2,2,2,2,1,1,2,2
Mens_Santa_Cruz_Thong_in_Chocolate_La1fo2mAovE,69,220.42186093330383,24,44,54,67,63,66,66,69,23,44,54,67
Room_Essentials_Fabric_Cube_Lavender,3,26.831863403320312,0,1,1,2,3,3,3,3,0,1,1,2
Shurtape_Tape_Purple_CP28,112,228.70627641677856,36,70,89,100,103,103,107,111,36,69,89,100
Simon_Swipe_Game,23,194.92042803764343,15,20,21,22,21,21,21,22,15,20,21,22
033_spatula,298,435.4874818325043,62,119,150,206,161,181,210,256,61,111,145,201
019_pitcher_base,1,58.35675859451294,0,0,0,1,1,1,1,1,0,0,0,1
Office_Depot_HP_98_Remanufactured_Ink_Cartridge_Black,108,252.2588710784912,46,84,98,105,104,107,107,108,46,84,98,105
D_ROSE_773_II_hvInJwJ5HUD,11,111.80493545532228,2,4,6,8,11,11,11,11,2,4,6,8
Shark,19,117.15557670593262,4,11,13,18,19,19,19,19,4,11,13,18
OWL_SORTER,58,138.360906124115,15,35,43,51,49,50,52,56,15,34,43,51
Black_Decker_Stainless_Steel_Toaster_4_Slice,0,16.244881868362427,0,0,0,0,0,0,0,0,0,0,0,0
Kingston_DT4000MR_G2_Management_Ready_USB_64GB,108,672.8552286624908,19,76,102,107,66,74,86,104,16,62,86,104
Grand_Prix,26,153.27237248420715,5,12,18,19,23,24,24,24,5,12,18,19
Nescafe_Memento_Latte_Caramel_8_08_oz_23_g_packets_64_oz_184_g,48,185.41202402114868,17,37,42,47,48,48,48,48,17,37,42,47
Home_Fashions_Washcloth_Olive_Green,45,323.9592788219452,28,41,45,45,41,43,45,45,28,40,45,45
Colton_Wntr_Chukka_y4jO0I8JQFW,5,100.79751896858215,1,3,4,4,4,4,4,4,1,3,4,4
JarroSil_Activated_Silicon_5exdZHIeLAp,303,533.7843458652496,183,278,297,303,299,302,303,303,183,278,297,303
Nescafe_Tasters_Choice_Instant_Coffee_Decaf_House_Blend_Light_7_oz,68,211.41399097442627,7,32,55,67,68,68,68,68,7,32,55,67
Womens_Canvas_Bahama_in_Black_vnJULsDVyq5,88,261.3646984100342,19,55,70,85,86,86,87,88,19,55,70,85
11pro_SL_TRX_FG,34,195.95510911941528,5,18,28,31,33,34,34,34,5,18,28,31
Netgear_Ac1750_Router_Wireless_Dual_Band_Gigabit_Router,1,27.678931951522827,0,0,0,1,1,1,1,1,0,0,0,1
040_large_marker,760,696.8771097660065,243,573,701,750,536,604,644,730,221,517,633,728
Metallic_Gold_Tieks_Italian_Leather_Ballet_Flats,152,361.6333146095276,49,121,142,150,152,152,152,152,49,121,142,150
Twinlab_Premium_Creatine_Fuel_Powder,370,647.8711993694305,206,316,350,369,368,368,370,370,206,316,350,369
Womens_Hikerfish_Boot_in_Black_Leopard_bVSNY1Le1sm,31,164.19221806526184,6,20,24,30,31,31,31,31,6,20,24,30
Reebok_DMX_MAX_PLUS_RAINWALKER,15,116.81137919425964,2,9,10,14,15,15,15,15,2,9,10,14
TROCHILUS_BOOST,35,181.94583988189697,3,8,20,33,33,33,33,35,3,8,20,33
Mens_Gold_Cup_ASV_2Eye_Boat_Shoe_in_Cognac_Leather,22,153.50091862678528,4,5,9,19,20,20,21,21,4,5,9,19
Ecoforms_Quadra_Saucer_SQ1_Avocado,358,546.6257405281067,36,128,242,344,128,166,219,310,26,82,169,304
Womens_Authentic_Original_Boat_Shoe_in_Classic_Brown_Leather,85,284.5727264881134,23,58,79,85,84,84,84,84,23,58,78,84
Animal_Crossing_New_Leaf_Nintendo_3DS_Game,29,317.6993339061737,7,20,27,29,26,26,26,28,7,20,26,28
Nestle_Nesquik_Chocolate_Powder_Flavored_Milk_Additive_109_Oz_Canister,76,270.18474650383,25,54,72,76,74,76,76,76,25,54,72,76
Razer_Naga_MMO_Gaming_Mouse,286,547.4159965515137,147,250,267,282,267,272,278,283,146,246,264,281
Threshold_Ramekin_White_Porcelain,191,456.0054717063904,72,137,177,191,191,191,191,191,72,137,177,191
Office_Depot_HP_932XL_Ink_Cartridge_Black_CN053A,117,311.1570689678192,62,102,113,117,117,117,117,117,62,102,113,117
HAMMER_PEG,77,143.52729296684265,21,50,65,74,73,74,75,77,21,50,65,74
Canon_Pixma_Ink_Cartridge_8_Red,153,480.0187857151032,52,90,109,135,96,106,118,136,52,85,104,130
Organic_Whey_Protein_Vanilla,1,47.52805829048157,0,0,0,1,1,1,1,1,0,0,0,1
Womens_Multi_13,343,559.2882258892059,180,291,325,342,338,342,343,343,180,291,325,342
FIRE_TRUCK,209,382.60986614227295,60,140,174,200,177,187,198,205,60,137,173,198
072-d_toy_airplane,722,877.3529524803162,367,558,656,716,520,583,654,711,329,505,623,706
Seagate_Archive_HDD_8_TB_Internal_hard_drive_SATA_6Gbs_35_ST8000AS0002,84,328.8547475337982,43,64,73,82,79,81,83,84,43,64,73,82
Womens_Bluefish_2Eye_Boat_Shoe_in_Linen_Oat,109,261.0898742675781,30,65,88,104,108,108,108,108,30,65,88,103
Animal_Planet_Foam_2Headed_Dragon,34,112.52622723579408,7,19,25,32,33,33,34,34,7,19,25,32
Womens_Betty_Chukka_Boot_in_Navy_Jersey_Sequin_y0SsHk7dKUX,54,274.8598575592041,25,43,48,52,54,54,54,54,25,43,48,52
In_Green_Company_Surface_Saver_Ring_10_Terra_Cotta,105,290.9350311756134,17,53,78,89,70,77,82,95,15,49,73,88
Pokmon_Conquest_Nintendo_DS_Game,31,319.3435039520264,10,26,30,31,29,30,30,31,10,26,29,31
Perricone_MD_Nutritive_Cleanser,118,261.1938269138336,47,85,108,118,118,118,118,118,47,85,108,118
MINI_FIRE_ENGINE,66,167.2377223968506,15,36,54,60,59,62,62,66,15,36,54,60
057_racquetball,961,1000.9608914852142,396,855,935,961,958,961,961,961,396,855,935,961
3D_Dollhouse_Sink,79,216.5554745197296,24,46,61,74,72,76,77,78,24,45,61,74
Pokmon_Y_Nintendo_3DS_Game,31,317.53702116012573,10,20,28,29,23,24,26,30,9,18,26,29
Tiek_Blue_Patent_Tieks_Italian_Leather_Ballet_Flats,127,317.3844380378723,39,89,110,125,124,125,126,127,39,89,110,125
072-c_toy_airplane,763,931.2843277454376,381,591,676,744,625,665,700,754,370,565,651,739
Fresca_Peach_Citrus_Sparkling_Flavored_Soda_12_PK,0,28.556077241897583,0,0,0,0,0,0,0,0,0,0,0,0
ZX700_lYiwcTIekXk,15,122.26121616363524,1,4,8,15,15,15,15,15,1,4,8,15
Mens_Gold_Cup_ASV_Capetown_Penny_Loafer_in_Black_EjPnk3E8fCs,32,182.5771610736847,5,15,24,31,32,32,32,32,5,15,24,31
Craftsman_Grip_Screwdriver_Phillips_Cushion,231,579.1674246788025,147,205,225,231,221,223,225,230,147,203,222,230
Wooden_ABC_123_Blocks_50_pack,16,115.45165538787842,8,14,15,16,16,16,16,16,8,14,15,16
JarroSil_Activated_Silicon,287,488.3658509254456,162,254,282,287,285,285,287,287,162,254,282,287
SPEED_BOAT,208,445.9026236534119,106,174,198,206,201,205,206,207,104,173,198,206
031_spoon,480,563.996063709259,112,304,394,460,299,346,382,450,97,263,343,436
JS_WINGS_20_BLACK_FLAG,16,106.59321236610413,2,7,10,13,14,14,14,16,2,7,10,13
Ecoforms_Plant_Container_QP_Harvest,122,335.841427564621,35,59,85,98,86,90,94,105,35,58,80,92
Ecoforms_Garden_Pot_GP16ATurquois,16,55.04439687728882,0,4,4,7,4,4,8,11,0,3,4,7
Reebok_DMX_MAX_PLUS_ATHLETIC,4,103.35739874839784,0,2,3,3,4,4,4,4,0,2,3,3
Mario_Party_9_Wii_Game,23,234.08174204826355,12,19,21,23,21,22,22,23,12,18,20,23
Whey_Protein_Vanilla_12_Packets,0,49.48755359649658,0,0,0,0,0,0,0,0,0,0,0,0
Kotex_U_Barely_There_Liners_Thin_60_count,79,204.9869396686554,41,58,72,79,79,79,79,79,41,58,72,79
Office_Depot_HP_75_Remanufactured_Ink_Cartridge_TriColor,106,265.8075752258301,39,79,92,103,105,105,105,105,39,79,92,103
Perricone_MD_AcylGlutathione_Deep_Crease_Serum,147,336.8853154182434,68,117,137,147,147,147,147,147,68,117,137,147
D_ROSE_45,11,116.84814953804016,1,4,7,9,11,11,11,11,1,4,7,9
Room_Essentials_Kitchen_Towels_16_x_26_2_count,17,168.42971062660217,6,10,15,17,17,17,17,17,6,10,15,17
ASICS_GELBlur33_20_GS_BlackWhiteSafety_Orange,45,199.8267912864685,7,24,35,43,45,45,45,45,7,24,35,43
Olive_Kids_Dinosaur_Land_Sidekick_Backpack,0,10.755603075027466,0,0,0,0,0,0,0,0,0,0,0,0
Epson_Ink_Cartridge_Black_200,92,361.10218477249146,35,64,72,83,74,76,79,88,35,63,71,83
Hyaluronic_Acid,447,724.5686221122742,266,411,441,447,445,447,447,447,266,411,441,447
Womens_Bluefish_2Eye_Boat_Shoe_in_White_Tumbled_YG44xIePRHw,69,253.343679189682,19,47,56,67,67,68,69,69,19,47,56,67
065-f_cups,469,642.2434837818146,142,354,421,450,443,445,449,456,141,352,420,449
Orbit_Bubblemint_Mini_Bottle_6_ct,9,121.51126885414124,2,7,9,9,9,9,9,9,2,7,9,9
Ecoforms_Plant_Container_Urn_55_Mocha,14,66.57504153251648,0,2,3,7,5,5,6,11,0,2,3,6
Sleep_Optimizer,115,393.9664883613586,42,85,101,108,100,104,106,112,42,82,99,108
LEGO_Star_Wars_Advent_Calendar,0,39.71655750274658,0,0,0,0,0,0,0,0,0,0,0,0
Mens_Gold_Cup_ASV_Dress_Casual_Venetian_in_Dark_Brown_Leather,14,155.21604347229004,1,6,12,14,12,13,14,14,1,6,12,14
ZigKick_Hoops,8,90.3222155570984,2,4,6,8,8,8,8,8,2,4,6,8
011_banana,508,655.6729094982147,369,482,500,504,492,501,503,507,368,482,500,503
065-g_cups,402,560.3500816822052,128,282,351,381,370,377,379,393,128,281,349,379
Theanine,473,751.7349278926849,297,435,462,473,472,473,473,473,297,435,462,473
Nips_Hard_Candy_Rich_Creamy_Butter_Rum_4_oz_1133_g,98,291.67465472221375,57,84,96,97,98,98,98,98,57,84,96,97
Olive_Kids_Butterfly_Garden_Pencil_Case,76,204.64520239830017,10,45,66,76,76,76,76,76,10,45,66,76
Glycerin_11_Color_BrllntBluSkydvrSlvrBlckWht_Size_80,5,109.85251092910768,0,1,4,4,4,4,4,5,0,1,4,4
Nescafe_Momento_Mocha_Specialty_Coffee_Mix_8_ct,54,196.94918274879456,19,35,48,53,54,54,54,54,19,35,48,53
Granimals_20_Wooden_ABC_Blocks_Wagon_g2TinmUGGHI,344,531.2582113742828,147,285,326,342,319,331,337,343,143,280,323,342
Reebok_SMOOTHFLEX_CUSHRUN_20,19,149.93550729751587,6,13,16,19,19,19,19,19,6,13,16,19
Olive_Kids_Trains_Planes_Trucks_Bogo_Backpack,0,15.947014808654783,0,0,0,0,0,0,0,0,0,0,0,0
Reebok_FS_HI_INT_R12,13,121.17995357513428,1,5,8,12,13,13,13,13,1,5,8,12
NAPA_VALLEY_NAVAJO_SANDAL,94,269.7767508029938,33,58,77,91,78,81,88,90,33,58,76,88
PureFlow_2_Color_RylPurHibiscusBlkSlvrWht_Size_50,26,193.9350862503052,5,13,19,23,25,25,25,26,5,13,19,23
Melissa_Doug_Chunky_Puzzle_Vehicles,9,147.6808660030365,4,5,7,7,6,7,8,9,4,5,7,7
030_fork,512,604.727881193161,119,314,433,489,284,318,374,470,98,243,352,458
House_of_Cards_The_Complete_First_Season_4_Discs_DVD,21,257.74087500572205,1,16,18,19,20,20,21,21,1,16,18,19
Mens_Bahama_in_Khaki_Oyster_xU2jeqYwhQJ,36,192.2859387397766,6,18,26,34,35,35,35,36,6,18,26,34
Nestle_Candy_19_oz_Butterfinger_Singles_116567,254,636.8214285373688,122,229,248,250,220,232,243,251,120,221,241,250
SAMe_200,99,281.00648832321167,47,80,93,98,99,99,99,99,47,80,93,98
ReadytoUse_Rolled_Fondant_Pure_White_24_oz_box,51,203.9650399684906,25,45,47,51,51,51,51,51,25,45,47,51
Frozen_Olafs_In_Trouble_PopOMatic_Game,1,98.02920913696288,0,1,1,1,1,1,1,1,0,1,1,1
Olive_Kids_Dinosaur_Land_Pack_n_Snack,0,10.239239692687988,0,0,0,0,0,0,0,0,0,0,0,0
Kong_Puppy_Teething_Rubber_Small_Pink,532,926.3468935489656,369,499,527,532,530,531,532,532,369,498,527,532
Office_Depot_Canon_CL_41_Remanufactured_Ink_Cartridge_TriColor,137,340.5551857948303,63,114,126,135,136,137,137,137,63,114,126,135
Womens_Cloud_Logo_Authentic_Original_Boat_Shoe_in_Black_Supersoft_cZR022qFI4k,105,323.3101212978363,21,72,89,102,96,97,100,104,19,67,86,101
Reebok_REESCULPT_TRAINER_II,48,201.61801314353943,8,24,35,45,47,48,48,48,8,24,35,45
NESCAFE_NESCAFE_TC_STKS_DECAF_6_CT,142,429.8111302852631,80,120,134,142,136,139,142,142,80,119,134,142
015_peach,931,952.212212085724,535,889,926,931,925,930,931,931,535,889,926,931
Room_Essentials_Salad_Plate_Turquoise,89,230.58230113983157,9,43,61,79,34,41,59,84,5,29,49,77
Nightmare_Before_Christmas_Collectors_Edition_Operation,4,69.43858408927917,2,3,3,4,4,4,4,4,2,3,3,4
Just_For_Men_Shampoo_In_Haircolor_Darkest_Brown_50,121,281.2777945995331,58,105,118,121,121,121,121,121,58,105,118,121
Threshold_Porcelain_Teapot_White,1,40.37671661376953,0,0,0,1,1,1,1,1,0,0,0,1
056_tennis_ball,957,998.2828025817872,455,908,956,957,956,957,957,957,455,908,956,957
Cole_Hardware_Bowl_Scirocco_YellowBlue,211,397.3435964584351,18,84,143,192,109,122,146,196,16,68,110,181
Ecoforms_Plant_Container_S24NATURAL,97,193.69576334953308,3,21,38,66,36,46,52,82,3,20,35,63
Ecoforms_Pot_Nova_6_Turquoise,15,48.01395726203919,1,3,3,7,3,5,5,12,1,3,3,7
Victor_Reversible_Bookend,0,57.20589518547058,0,0,0,0,0,0,0,0,0,0,0,0
Reebok_CLASSIC_LEGACY_II,19,91.8273584842682,2,9,15,18,19,19,19,19,2,9,15,18
Reebok_SL_FLIP_UPDATE,14,139.64902329444885,4,7,10,13,14,14,14,14,4,7,10,13
Cream_Tieks_Italian_Leather_Ballet_Flats,178,352.1163327693939,50,131,160,176,176,177,178,178,50,131,160,176
Ecoforms_Plant_Container_Quadra_Sand_QP6,12,50.45294690132141,0,1,1,4,5,7,7,11,0,1,1,4
JUNGLE_HEIGHT,24,132.49648523330688,4,8,14,19,16,17,19,22,4,7,13,19
Hasbro_Cranium_Performance_and_Acting_Game,1,95.1607105731964,0,0,1,1,1,1,1,1,0,0,1,1
SAMOA,10,122.61013650894164,1,2,5,7,7,9,9,10,1,2,5,7
Office_Depot_HP_2_Remanufactured_Ink_Cartridges_Color_Cyan_Magenta_Yellow_3_count,105,282.7128186225891,47,77,96,102,101,102,104,105,47,77,96,102
Epson_UltraChrome_T0543_Ink_Cartridge_Magenta_1pack,101,372.211275100708,39,65,78,94,79,89,92,98,39,65,78,94
Dino_3,173,290.95288467407227,51,126,152,169,157,164,169,173,51,123,149,169
ASICS_GELDirt_Dog_4_SunFlameBlack,33,187.30694699287412,6,18,29,31,32,32,32,33,6,18,28,31
Nestle_Nips_Hard_Candy_Peanut_Butter,101,274.05933022499084,48,78,91,100,98,100,101,101,48,78,91,100
Reebok_GL_6000,19,121.93757724761964,4,11,16,19,19,19,19,19,4,11,16,19
Office_Depot_HP_564XL_Ink_Cartridge_Black_CN684WN,132,329.1605033874512,73,107,127,132,132,132,132,132,73,107,127,132
Phillips_Colon_Health_Probiotic_Capsule,68,222.93326425552368,30,53,59,67,68,68,68,68,30,53,59,67
OVAL_XYLOPHONE,36,134.278484582901,7,27,32,35,36,36,36,36,7,27,32,35
REEF_BANTU,10,142.07976818084717,2,6,7,9,10,10,10,10,2,6,7,9
073-c_lego_duplo,752,1114.3514575958252,306,538,644,738,620,661,707,749,292,504,621,736
Reebok_PUMP_OMNI_LITE_HLS,5,75.9496340751648,0,1,2,5,5,5,5,5,0,1,2,5
SpiderMan_Titan_Hero_12Inch_Action_Figure_oo1qph4wwiW,152,279.5923993587494,27,69,103,137,135,140,146,152,27,67,99,137
Reebok_RETRO_RUSH_2V,108,281.7368960380554,35,71,95,106,108,108,108,108,35,71,95,106
Now_Designs_Snack_Bags_Bicycle_2_count,22,230.8247208595276,5,12,17,20,13,13,14,20,5,11,12,18
Olive_Kids_Game_On_Pack_n_Snack,0,21.970319986343384,0,0,0,0,0,0,0,0,0,0,0,0
Predator_LZ_TRX_FG,45,181.12123560905457,9,30,35,41,43,44,45,45,9,30,35,41
Tag_Dishtowel_18_x_26,31,227.1183505058289,14,22,24,27,22,24,25,29,13,21,23,27
Prostate_Optimizer,401,602.0931758880615,230,363,392,400,400,400,401,401,230,363,392,400
Mens_Billfish_Slip_On_in_Tan_Beige_aaVUk0tNTv8,40,181.23094749450684,8,20,31,40,40,40,40,40,8,20,31,40
CoQ10_wSSVoxVppVD,428,808.2993900775909,287,404,421,428,423,425,428,428,287,403,421,428
002_master_chef_can_orig,21,125.67843770980836,3,8,14,21,21,21,21,21,3,8,14,21
Santa_Cruz_Mens_vnbiTDDt5xH,22,132.68771958351135,4,10,12,22,22,22,22,22,4,10,12,22
Diet_Pepsi_Soda_Cola12_Pack_12_oz_Cans,0,25.20903277397156,0,0,0,0,0,0,0,0,0,0,0,0
Perricone_MD_The_Crease_Cure_Duo,27,135.74364638328552,9,24,26,27,27,27,27,27,9,24,26,27
Reebok_SH_PRIME_COURT_LOW,37,201.701872587204,7,16,26,36,37,37,37,37,7,16,26,36
Focus_8643_Lime_Squeezer_10x35x188_Enamelled_Aluminum_Light,166,386.8303575515747,41,93,125,157,134,143,154,165,39,86,121,156
Philips_Sonicare_Tooth_Brush_2_count,0,43.24088096618652,0,0,0,0,0,0,0,0,0,0,0,0
Azure_Snake_Tieks_Leather_Snake_Print_Ballet_Flats,124,297.1928360462189,29,80,104,121,121,121,124,124,29,80,104,121
Philips_60ct_Warm_White_LED_Smooth_Mini_String_Lights,6,69.04237794876099,1,3,3,5,6,6,6,6,1,3,3,5
Central_Garden_Flower_Pot_Goo_425,96,237.1623570919037,8,39,59,85,76,80,83,91,8,39,58,84
Ortho_Forward_Facing,14,80.41944861412048,2,6,9,13,13,14,14,14,2,6,9,13
Mens_Billfish_3Eye_Boat_Shoe_in_Dark_Tan_wyns9HRcEuH,13,134.7725338935852,3,5,7,12,12,12,12,13,3,5,7,12
Fisher_price_Classic_Toys_Buzzy_Bee,97,214.3003101348877,35,70,82,93,89,91,92,94,35,70,82,93
Epson_273XL_Ink_Cartridge_Magenta,122,390.5668458938599,51,93,106,116,107,113,115,118,51,93,105,115
Kid_Icarus_Uprising_Nintendo_3DS_Game,76,263.8738534450531,46,69,73,76,75,75,76,76,46,69,73,76
Reebok_SOMERSET_RUN,18,125.98153638839722,3,7,13,18,18,18,18,18,3,7,13,18
Womens_Suede_Bahama_in_Graphite_Suede_p1KUwoWbw7R,70,207.8856739997864,34,59,67,70,67,69,70,70,32,58,67,70
Chelsea_lo_fl_rdheel_nQ0LPNF1oMw,129,312.03417468070984,42,85,101,126,118,121,123,127,41,82,99,124
Remington_1_12_inch_Hair_Straightener,254,475.5167021751404,113,188,232,249,237,243,250,253,112,185,230,248
Pepsi_Caffeine_Free_Diet_12_CT,0,27.047372102737427,0,0,0,0,0,0,0,0,0,0,0,0
Marc_Anthony_True_Professional_Oil_of_Morocco_Argan_Oil_Treatment,179,374.2514142990112,95,158,171,179,178,179,179,179,95,158,171,179
Timberland_Mens_Earthkeepers_Stormbuck_Chukka,9,150.44164443016052,2,5,7,9,9,9,9,9,2,5,7,9
Perricone_MD_Omega_3_Supplements,65,214.9050953388214,26,45,55,65,64,64,64,65,26,45,55,65
Office_Depot_Dell_Series_1_Remanufactured_Ink_Cartridge_Black,148,349.1086564064026,73,121,139,148,147,148,148,148,73,121,139,148
Diamond_Visions_Scissors_Red,194,527.3525807857513,50,121,159,180,146,162,168,183,46,115,148,174
LEGO_Creationary_Game_ZJa163wlWp2,0,35.4474663734436,0,0,0,0,0,0,0,0,0,0,0,0
Rose_Garden_Tieks_Leather_Ballet_Flats_with_Floral_Rosettes,100,300.1694178581238,20,57,84,99,98,98,100,100,20,56,84,99
Mens_Striper_Sneaker_in_White_rnp8HUli59Y,23,164.35087847709656,4,10,18,22,22,22,23,23,4,10,18,22
Sienna_Brown_Croc_Tieks_Patent_Leather_Crocodile_Print_Ballet_Flats,127,288.9001429080963,41,97,118,127,123,126,126,127,41,97,117,127
Perricone_MD_The_Power_Treatments,4,138.96792650222778,0,2,3,4,4,4,4,4,0,2,3,4
Reebok_SH_COURT_MID_II,0,87.85586166381836,0,0,0,0,0,0,0,0,0,0,0,0
Whey_Protein_Chocolate_12_Packets,0,53.98985695838928,0,0,0,0,0,0,0,0,0,0,0,0
DPC_Handmade_Hat_Brown,13,84.15335655212402,1,4,5,10,8,9,9,11,1,4,5,10
Ecoforms_Plant_Bowl_Turquoise_7,34,64.89200258255005,1,6,11,21,12,13,14,27,1,5,9,20
CoQ10_BjTLbuRVt1t,462,771.9431879520416,312,435,455,462,455,461,462,462,312,435,455,462
Nestle_Pure_Life_Exotics_Sparkling_Water_Strawberry_Dragon_Fruit_8_count_12_fl_oz_can_aX0ygjh3bxi,0,30.30001854896545,0,0,0,0,0,0,0,0,0,0,0,0
Reebok_SH_PRIME_COURT_MID,48,266.9283332824707,20,34,41,46,48,48,48,48,20,34,41,46
Folic_Acid,458,765.7173211574554,323,420,451,458,450,453,456,458,323,418,450,458
Olive_Kids_Mermaids_Pack_n_Snack_Backpack,0,13.580371856689451,0,0,0,0,0,0,0,0,0,0,0,0
Romantic_Blush_Tieks_Metallic_Italian_Leather_Ballet_Flats,164,341.70069003105164,51,108,141,163,164,164,164,164,51,108,141,163
Nestle_Carnation_Cinnamon_Coffeecake_Kit_1913OZ,4,79.33139276504517,0,3,4,4,4,4,4,4,0,3,4,4
SCHOOL_BUS,409,801.5996956825256,294,381,404,409,393,399,404,409,294,378,399,409
Perricone_MD_Firming_Neck_Therapy_Treatment,320,556.1912372112274,179,282,314,320,317,320,320,320,179,282,314,320
SORTING_TRAIN,62,172.05632376670837,15,36,48,60,60,62,62,62,15,36,48,60
065-c_cups,639,903.7079091072084,238,539,601,632,613,619,630,635,237,536,598,632
ASICS_GEL1140V_WhiteRoyalSilver,19,134.9348258972168,4,13,15,19,19,19,19,19,4,13,15,19
Womens_Suede_Bahama_in_Graphite_Suede_cUAjIMhWSO9,90,278.3479852676392,20,59,72,87,87,88,89,89,20,59,72,87
Ecoforms_Plant_Container_Urn_55_Avocado,18,67.50676345825195,1,2,4,11,7,9,11,17,1,2,3,11
3D_Dollhouse_Swing,180,349.53948521614075,27,90,129,167,97,107,125,165,20,72,105,159
Womens_Authentic_Original_Boat_Shoe_in_Navy_Deerskin_50lWJaLWG8R,69,254.10371732711792,16,39,57,67,67,67,67,68,16,39,56,66
Womens_Teva_Capistrano_Bootie,30,182.44459867477417,11,18,23,27,27,28,28,28,11,18,23,27
PhosphOmega,417,622.483743429184,237,372,408,417,416,417,417,417,237,372,408,417
PureConnect_2_Color_FernNightlifeSilverBlack_Size_70_5w0BYsiogeV,23,145.716703414917,1,7,12,20,20,22,22,23,1,7,12,20
Office_Depot_HP_61Tricolor_Ink_Cartridge,112,299.89936780929565,49,92,104,109,111,112,112,112,49,92,104,109
GEOMETRIC_SORTING_BOARD,31,111.17171025276184,6,15,28,31,30,30,31,31,6,15,28,31
Epson_DURABrite_Ultra_786_Black_Ink_Cartridge_T786120S,112,294.9875724315644,51,85,97,104,104,105,105,111,51,85,97,104
LEUCIPPUS_ADIPURE,40,189.4695022106171,9,21,26,36,37,39,40,40,9,21,26,36
KITCHEN_SET_CLASSIC_40HwCHfeG0H,29,173.9474105834961,8,22,27,29,28,29,29,29,8,22,27,29
Office_Depot_Dell_Series_5_Remanufactured_Ink_Cartridge_Black,120,320.7661530971527,63,107,116,120,120,120,120,120,63,107,116,120
Ecoforms_Plant_Bowl_Atlas_Low,25,76.90866756439209,0,3,11,17,16,17,19,24,0,3,10,17
Perricone_MD_Chia_Serum,239,469.75549960136414,150,214,231,239,237,239,239,239,150,214,231,239
Squirtin_Barnyard_Friends_4pk,189,356.98984575271606,89,155,176,186,182,186,188,189,89,153,176,186
065-j_cups,193,328.4690043926239,23,96,144,164,154,165,171,184,23,95,141,163
Womens_Suede_Bahama_in_Graphite_Suede_t22AJSRjBOX,74,287.998411655426,20,48,60,72,72,74,74,74,20,48,60,72
Pony_C_Clamp_1440,143,336.90513610839844,32,88,118,134,99,112,119,138,29,82,108,132
Olive_Kids_Game_On_Lunch_Box,2,46.53915333747864,0,1,1,2,2,2,2,2,0,1,1,2
MINI_ROLLER,97,228.64618754386905,25,67,88,97,97,97,97,97,25,67,88,97
002_master_chef_can,27,121.75997018814088,1,8,18,27,26,27,27,27,1,8,18,27
Big_Dot_Pink_Pencil_Case,72,206.1077468395233,15,44,60,72,71,72,72,72,15,44,60,72
Threshold_Basket_Natural_Finish_Fabric_Liner_Small,5,54.28677582740784,1,4,4,5,5,5,5,5,1,4,4,5
Home_Fashions_Washcloth_Linen,47,304.3381116390228,31,43,47,47,44,45,47,47,31,43,47,47
Philips_EcoVantage_43_W_Light_Bulbs_Natural_Light_2_pack,55,216.1361334323883,21,38,49,54,54,55,55,55,21,38,49,54
Dell_Series_9_Color_Ink_Cartridge_MK993_High_Yield,191,383.9608449935913,110,161,177,186,183,185,188,189,110,160,177,186
Asus_Z97IPLUS_Motherboard_Mini_ITX_LGA1150_Socket,0,40.0698630809784,0,0,0,0,0,0,0,0,0,0,0,0
TWISTED_PUZZLE,37,234.70722317695615,10,30,33,35,31,33,34,36,10,29,33,35
Mens_Santa_Cruz_Thong_in_Chocolate_lvxYW7lek6B,74,209.4500842094421,26,46,60,71,67,68,71,73,26,46,59,70
Top_Paw_Dog_Bow_Bone_Ceramic_13_fl_oz_total,61,144.49940705299375,19,38,48,57,52,56,57,60,19,38,48,57
Star_Wars_Rogue_Squadron_Nintendo_64,104,461.31371092796326,40,75,92,101,81,92,97,104,37,75,90,101
Wishbone_Pencil_Case,63,188.91898036003116,7,34,50,60,62,63,63,63,7,34,50,60
Cole_Hardware_School_Bell_Solid_Brass_38,366,574.1490249633789,99,221,299,357,310,330,344,357,97,213,289,352
Transformers_Age_of_Extinction_Mega_1Step_Bumblebee_Figure,19,129.09898018836975,2,6,11,16,16,17,18,18,2,6,11,16
45oz_RAMEKIN_ASST_DEEP_COLORS,367,566.8671162128448,78,218,300,332,247,271,307,347,72,195,277,328
Great_Jones_Wingtip_wxH3dbtlvBC,14,122.78868508338928,2,5,9,14,14,14,14,14,2,5,9,14
BlackBlack_Nintendo_3DSXL,55,260.4881150722504,9,32,41,50,29,32,42,50,8,23,37,48
Ultra_JarroDophilus,222,433.1357853412628,124,199,217,222,221,221,222,222,124,199,217,222
Ecoforms_Plant_Container_FB6_Tur,28,97.5174777507782,0,3,9,23,11,13,15,23,0,2,6,22
JarroDophilusFOS_Value_Size,313,498.6138803958893,150,262,294,309,309,310,313,313,150,262,294,309
Cole_Hardware_Dishtowel_Stripe,46,240.7961366176605,16,36,39,45,33,38,40,46,15,35,37,45
Black_Decker_CM2035B_12Cup_Thermal_Coffeemaker,1,23.182593822479248,0,0,0,1,1,1,1,1,0,0,0,1
Womens_Bluefish_2Eye_Boat_Shoe_in_Linen_Natural_Sparkle_Suede_kqi81aojcOR,54,214.8544578552246,11,32,44,51,45,48,50,53,11,30,42,51
Little_Debbie_Donut_Sticks_6_cake_donuts_10_oz_total,26,182.14727902412412,15,20,22,25,26,26,26,26,15,20,22,25
ASICS_GEL1140V_WhiteBlackSilver,21,150.56901478767395,1,10,14,18,20,20,20,21,1,10,14,18
Poppin_File_Sorter_Pink,39,84.37251734733582,8,18,23,30,28,30,31,36,8,18,22,30
California_Navy_Tieks_Italian_Leather_Ballet_Flats,133,310.31605291366577,36,88,119,132,132,133,133,133,36,88,119,132
Office_Depot_Dell_Series_9_Ink_Cartridge_Black_MK992,145,358.96516036987305,74,130,139,145,143,145,145,145,74,130,139,145
Lovestruck_Tieks_Glittery_Rose_Gold_Italian_Leather_Ballet_Flats,138,307.76770210266113,33,88,111,131,134,138,138,138,33,88,111,131
024_bowl,99,185.8869857788086,5,17,32,71,38,45,62,88,4,14,28,67
Little_Big_Planet_3_Plush_Edition,0,60.18609356880188,0,0,0,0,0,0,0,0,0,0,0,0
Womens_Hikerfish_Boot_in_Black_Leopard_ridcCWsv8rW,28,174.76406717300415,3,12,16,25,26,26,27,28,3,12,16,25
Perricone_MD_No_Lipstick_Lipstick,422,664.1893219947815,263,393,419,422,414,418,422,422,263,391,419,422
3D_Dollhouse_Refrigerator,48,158.976176738739,17,33,40,48,48,48,48,48,17,33,40,48
054_softball,476,573.5185251235962,58,310,470,476,476,476,476,476,58,310,470,476
Ravenna_4_Color_WhtOlyBluBlkShkOrngSlvRdO_Size_70,4,110.15002250671388,0,0,2,4,3,4,4,4,0,0,2,4
RJ_Rabbit_Easter_Basket_Blue,18,51.20411992073059,0,6,7,10,12,14,16,18,0,6,7,10
Office_Depot_Canon_PGI35_Remanufactured_Ink_Cartridge_Black,139,346.2724974155426,66,111,131,137,139,139,139,139,66,111,131,137
073-f_lego_duplo,794,930.0226974487304,361,647,740,784,724,761,783,794,360,638,737,784
Black_and_Decker_PBJ2000_FusionBlade_Blender_Jars,0,37.80945992469788,0,0,0,0,0,0,0,0,0,0,0,0
D_ROSE_773_II_Kqclsph05pE,5,105.084410905838,0,2,3,3,4,5,5,5,0,2,3,3
ENFR_MID_ENFORCER,10,94.20022201538086,0,4,7,8,9,9,9,9,0,4,7,8
Perricone_MD_Super_Berry_Powder_with_Acai_Supplements,10,123.47843837738036,2,6,8,9,9,10,10,10,2,6,8,9
Closetmaid_Premium_Fabric_Cube_Red,1,12.68464469909668,0,0,1,1,1,1,1,1,0,0,1,1
NattoMax,459,774.9126687049866,288,416,453,459,454,457,459,459,288,416,453,459
Womens_Bluefish_2Eye_Boat_Shoe_in_Linen_Natural_Sparkle_Suede_w34KNQ41csH,75,259.6723692417145,16,42,53,69,72,73,73,74,16,42,53,69
Office_Depot_Canon_PG21XL_Remanufactured_Ink_Cartridge_Black,130,322.8219146728516,70,113,125,130,129,130,130,130,70,113,125,130
Frozen_Scrabble_Jr,1,84.01051473617554,0,0,0,1,1,1,1,1,0,0,0,1
Office_Depot_HP_96_Remanufactured_Ink_Cartridge_Black,117,285.46870470047,56,95,103,113,113,113,114,115,56,95,103,113
JA_Henckels_International_Premio_Cutlery_Block_Set_14Piece,5,44.48046612739563,0,1,3,5,5,5,5,5,0,1,3,5
Pinwheel_Pencil_Case,79,213.49660849571228,16,49,67,79,79,79,79,79,16,49,67,79
Beta_Glucan,417,697.3983347415924,262,387,410,417,412,415,416,417,262,387,410,417
Fujifilm_instax_SHARE_SP1_10_photos,146,424.4824481010437,78,127,139,145,143,144,146,146,78,127,139,145
Mens_Tremont_Kiltie_Tassel_Loafer_in_Black_Amaretto_rCdzRZqgCnI,38,208.6460807323456,5,17,30,36,34,34,36,37,5,17,29,35
Guardians_of_the_Galaxy_Galactic_Battlers_Rocket_Raccoon_Figure,434,674.2795221805573,142,289,362,425,385,405,420,432,142,288,361,424
Perricone_MD_Hypoallergenic_Gentle_Cleanser,79,235.23187804222107,35,63,74,78,79,79,79,79,35,63,74,78
Reebok_FS_HI_MINI,38,209.22079992294312,7,18,27,35,36,36,38,38,7,17,27,35
Olive_Kids_Birdie_Lunch_Box,1,40.02653765678406,0,0,0,1,1,1,1,1,0,0,0,1
Leap_Frog_Paint_Dabber_Dot_Art_5_paint_bottles,1,121.81109070777892,0,0,0,1,1,1,1,1,0,0,0,1
DIM_CDG,423,772.8318321704865,314,404,415,423,418,423,423,423,314,404,415,423
Arm_Hammer_Diaper_Pail_Refills_12_Pack_MFWkmoweejt,11,104.1446578502655,2,7,9,10,11,11,11,11,2,7,9,10
Samsung_CLTC406S_Toner_Cartridge_Cyan_1pack,0,42.241474628448486,0,0,0,0,0,0,0,0,0,0,0,0
059_chain,111,223.3501102924347,28,62,81,98,82,90,96,107,27,58,78,97
Razer_Blackwidow_Tournament_Edition_Keyboard,4,146.9779360294342,1,3,3,4,4,4,4,4,1,3,3,4
FYW_DIVISION,5,94.06639432907104,0,1,3,5,5,5,5,5,0,1,3,5
BREAKFAST_MENU,57,136.63952684402466,6,26,35,48,40,44,47,54,6,26,34,48
Threshold_Porcelain_Spoon_Rest_White,171,348.87026262283325,31,81,124,157,106,128,147,167,29,77,116,156
Canon_Pixma_Ink_Cartridge_8,154,453.7664189338684,46,96,114,137,100,111,119,139,46,90,107,131
Canon_Pixma_Chromalife_100_Magenta_8,160,426.3859231472016,58,94,115,137,104,111,116,136,57,90,108,132
073-g_lego_duplo,72,169.11755657196045,20,46,67,70,66,68,71,72,19,45,66,70
Big_Dot_Aqua_Pencil_Case,66,211.83419179916385,13,43,61,66,65,66,66,66,13,43,61,66
US_Army_Stash_Lunch_Bag,1,40.1863374710083,0,1,1,1,1,1,1,1,0,1,1,1
GRANDFATHER_DOLL,370,634.3396008014679,101,230,310,363,306,328,346,365,99,224,302,360
Reebok_R_CROSSFIT_OLY_UFORM,13,118.77887845039368,5,9,11,13,13,13,13,13,5,9,11,13
073-a_lego_duplo,725,1072.7576773166656,276,491,589,695,559,621,665,711,257,455,561,684
Shaxon_100_Molded_Category_6_RJ45RJ45_Shielded_Patch_Cord_White,45,194.81965708732605,15,37,42,45,45,45,45,45,15,37,42,45
MK7,446,775.4266064167023,303,411,440,446,438,443,446,446,303,411,440,446
UGG_Bailey_Bow_Womens_Clogs_Black_7,2,79.40611386299133,0,1,1,2,2,2,2,2,0,1,1,2
Tory_Burch_Reva_Metal_Logo_Litus_Snake_Print_in_dark_BranchGold,186,417.80526661872864,69,131,161,186,168,175,182,185,68,127,161,185
Asus_Z97AR_LGA_1150_Intel_ATX_Motherboard,0,49.234352350234985,0,0,0,0,0,0,0,0,0,0,0,0
Unmellow_Yellow_Tieks_Neon_Patent_Leather_Ballet_Flats,140,355.6255838871002,29,98,125,138,137,139,140,140,29,98,125,138
Retail_Leadership_Summit,37,65.63100028038025,2,10,19,30,22,25,29,35,2,10,19,30
Curver_Storage_Bin_Black_Small,10,42.1177544593811,0,0,3,3,6,6,6,9,0,0,3,3
Reebok_BREAKPOINT_LO_2V,60,239.68079352378845,18,39,53,58,60,60,60,60,18,39,53,58
Swiss_Miss_Hot_Cocoa_KCups_Milk_Chocolate_12_count,2,105.7447633743286,0,0,0,2,2,2,2,2,0,0,0,2
042_adjustable_wrench,245,542.2281365394592,68,145,196,230,144,159,181,215,55,113,162,209
Twinlab_100_Whey_Protein_Fuel_Cookies_and_Cream,0,16.705586910247803,0,0,0,0,0,0,0,0,0,0,0,0
Saccharomyces_Boulardii_MOS_Value_Size,237,418.5701277256012,89,174,216,235,236,237,237,237,89,174,216,235
Sonicare_2_Series_Toothbrush_Plaque_Control,0,36.117536783218384,0,0,0,0,0,0,0,0,0,0,0,0
Inositol,381,598.7916133403778,197,339,369,381,379,380,381,381,197,339,369,381
Neat_Solutions_Character_Bib_2_pack,43,85.31377935409546,4,14,24,37,21,24,25,39,3,13,21,36
Thomas_Friends_Woodan_Railway_Henry,364,577.4884676933289,213,328,350,364,351,357,360,363,213,325,348,363
Now_Designs_Bowl_Akita_Black,75,172.5501890182495,11,25,53,66,34,40,52,72,9,19,41,64
Horses_in_Pink_Pencil_Case,86,214.5534267425537,26,56,77,86,86,86,86,86,26,56,77,86
044_flat_screwdriver,449,530.3708801269531,303,411,439,449,402,420,436,447,294,399,433,447
LACING_SHEEP,257,470.0843594074249,50,168,222,256,252,255,257,257,50,168,222,256
Office_Depot_Canon_PGI5BK_Remanufactured_Ink_Cartridge_Black,152,342.90783429145813,79,126,144,152,151,152,152,152,79,126,144,152
Toysmith_Windem_Up_Flippin_Animals_Dog,534,951.1881127357484,323,470,509,534,493,508,522,534,321,461,505,534
Pass_The_Popcorn_Movie_Guessing_Game,1,79.8148844242096,0,1,1,1,1,1,1,1,0,1,1,1
Thomas_Friends_Wooden_Railway_Deluxe_Track_Accessory_Pack,113,293.0667824745178,47,79,94,108,98,103,109,112,47,77,93,107
CHICKEN_RACER,274,424.3797845840454,102,205,245,274,262,267,273,274,101,202,245,274
Ecoforms_Planter_Bowl_Cole_Hardware,30,60.64827656745911,1,4,10,18,7,8,13,25,1,2,7,17
Cole_Hardware_Plant_Saucer_Glazed_9,116,196.02686476707456,18,51,81,103,80,90,99,116,15,46,76,103
Firefly_Clue_Board_Game,0,40.68008804321289,0,0,0,0,0,0,0,0,0,0,0,0
Nintendo_Wii_Party_U_with_Controller_Wii_U_Game,10,116.22298669815063,4,7,8,10,10,10,10,10,4,7,8,10
BAGEL_WITH_CHEESE,153,426.72864723205566,91,126,145,151,145,146,148,152,90,125,143,151
SLACK_CRUISER,17,122.16776728630066,3,4,12,14,16,17,17,17,3,4,12,14
Office_Depot_HP_950XL_Ink_Cartridge_Black_CN045AN,117,331.20722937583923,69,103,112,116,117,117,117,117,69,103,112,116
PINEAPPLE_MARACA_6_PCSSET,464,757.6643471717834,257,402,445,462,448,452,457,462,257,400,444,461
Threshold_Porcelain_Coffee_Mug_All_Over_Bead_White,117,240.9934234619141,7,50,78,100,95,103,105,112,7,49,78,100
Frozen_Olafs_In_Trouble_PopOMatic_Game_OEu83W9T8pD,53,161.247976064682,10,26,39,48,37,43,45,49,10,26,36,47
048_hammer,160,400.1633579730988,81,119,141,156,136,144,151,160,76,116,138,156
Womens_Sequin_Bahama_in_White_Sequin_yGVsSA4tOwJ,75,249.25920963287356,22,51,65,73,72,72,73,75,22,51,64,73
60_CONSTRUCTION_SET,26,98.79125380516052,3,14,21,26,26,26,26,26,3,14,21,26
RedBlack_Nintendo_3DSXL,72,258.0289957523346,15,43,60,69,39,48,56,65,15,37,55,63
Weisshai_Great_White_Shark,196,399.4172163009644,69,140,175,189,163,174,184,193,66,136,172,188
Tetris_Link_Game,0,31.28550386428833,0,0,0,0,0,0,0,0,0,0,0,0
Footed_Bowl_Sand,36,74.85212659835815,2,5,10,21,9,13,19,29,2,3,9,17
Granimals_20_Wooden_ABC_Blocks_Wagon,297,484.1875765323639,144,255,283,297,281,289,293,297,144,254,281,297
Pokmon_X_Nintendo_3DS_Game,27,326.5482361316681,11,17,21,26,22,23,24,26,11,17,21,25
Cole_Hardware_Dishtowel_Blue,14,209.8490662574768,7,12,14,14,12,12,13,14,7,11,13,14
BIRD_RATTLE,332,548.3101091384888,106,221,275,322,286,300,318,328,103,216,273,320
BUILD_A_ZOO,58,193.67334699630737,12,28,39,50,40,45,51,57,12,27,39,50
Ecoforms_Plant_Saucer_S14MOCHA,194,368.3311810493469,14,61,114,162,57,80,106,158,10,39,79,144
Seagate_3TB_Central_shared_storage,31,165.42084074020386,16,28,30,30,30,30,31,31,16,28,30,30
Asus_Sabertooth_990FX_20_Motherboard_ATX_Socket_AM3,0,33.586076736450195,0,0,0,0,0,0,0,0,0,0,0,0
Mens_Authentic_Original_Boat_Shoe_in_Navy_Leather_NHHQddDLQys,32,240.26576113700867,4,14,19,26,30,31,31,32,4,14,19,26
026_sponge,476,540.3791329860687,214,377,429,466,377,406,434,467,195,347,411,462
Real_Deal_1nIwCHX1MTh,7,104.8609585762024,1,4,6,6,7,7,7,7,1,4,6,6
Black_Elderberry_Syrup_54_oz_Gaia_Herbs,192,367.26585149765015,106,168,186,192,192,192,192,192,106,168,186,192
072-e_toy_airplane,746,880.3129353523254,418,610,697,745,557,619,684,734,383,550,653,734
Office_Depot_Dell_Series_11_Remanufactured_Ink_Cartridge_TriColor,106,294.2027039527893,54,84,96,105,103,104,105,106,54,84,96,105
SAMe_200_KX7ZmOw47co,144,325.2430410385132,77,127,138,143,143,144,144,144,77,127,138,143
065-e_cups,520,732.6357491016388,163,423,478,504,492,501,502,511,163,421,474,502
Glycerin_11_Color_AqrsDrsdnBluBlkSlvShckOrng_Size_50,17,132.5544204711914,0,2,10,14,17,17,17,17,0,2,10,14
Balderdash_Game,0,96.79410815238953,0,0,0,0,0,0,0,0,0,0,0,0
PHEEHAN_RUN,31,187.3481171131134,4,15,19,29,30,31,31,31,4,15,19,29
STACKING_BEAR,88,190.5595633983612,26,62,75,86,86,87,88,88,26,62,75,86
HeavyDuty_Flashlight,238,468.3201322555542,113,186,214,236,236,236,237,238,113,186,214,236
Top_Paw_Dog_Bowl_Blue_Paw_Bone_Ceramic_25_fl_oz_total,49,109.6964099407196,3,17,31,43,25,31,34,45,3,16,26,42
SAMBA_HEMP,24,173.16621708869934,5,10,13,21,22,23,24,24,5,10,13,21
Brisk_Iced_Tea_Lemon_12_12_fl_oz_355_ml_cans_144_fl_oz_426_lt,0,18.04839277267456,0,0,0,0,0,0,0,0,0,0,0,0
Womens_Betty_Chukka_Boot_in_Navy_aEE8OqvMII4,35,221.10244464874268,12,20,29,35,35,35,35,35,12,20,29,35
Winning_Moves_1180_Aggravation_Board_Game,3,70.04507732391357,1,1,2,3,3,3,3,3,1,1,2,3
UGG_Bailey_Button_Womens_Boots_Black_7,6,98.65355253219604,1,2,4,5,5,5,6,6,1,2,4,5
Perricone_MD_Best_of_Perricone_7Piece_Collection_MEGsO6GIsyL,5,93.02347302436829,1,1,2,4,5,5,5,5,1,1,2,4
TOP_TEN_HI_60KlbRbdoJA,7,113.4540364742279,1,4,5,7,7,7,7,7,1,4,5,7
Perricone_MD_Vitamin_C_Ester_Serum,132,329.6631374359131,57,105,122,131,131,131,131,132,57,105,122,131
Womens_Canvas_Bahama_in_White_4UyOhP6rYGO,88,261.4493169784546,15,51,74,85,86,86,87,88,15,51,74,85
Melissa_Doug_Cart_Turtle_Block,19,75.72000074386597,11,16,18,18,18,18,19,19,11,16,18,18
Super_Mario_Kart_Super_Nintendo_Entertainment_System,93,420.51417207717896,37,73,84,93,79,81,86,91,37,71,82,91
Aroma_Stainless_Steel_Milk_Frother_2_Cup,31,118.72104811668396,6,14,24,30,26,28,29,31,6,13,22,30
Twinlab_100_Whey_Protein_Fuel_Chocolate,0,18.48818945884705,0,0,0,0,0,0,0,0,0,0,0,0
004_sugar_box,74,256.5327632427216,33,59,68,73,74,74,74,74,33,59,68,73
Olive_Kids_Game_On_Munch_n_Lunch,0,26.58894824981689,0,0,0,0,0,0,0,0,0,0,0,0
Kanex_MultiSync_Wireless_Keyboard,15,218.03353095054624,3,10,10,14,11,13,14,15,2,10,10,14
Ecoforms_Plant_Container_GP16A_Coral,10,48.815948247909546,0,1,3,4,2,4,8,9,0,1,3,4
Reebok_KAMIKAZE_II_MID,4,102.714369058609,0,0,3,4,4,4,4,4,0,0,3,4
Grreatv_Choice_Dog_Bowl_Gray_Bones_Plastic_20_fl_oz_total,89,151.63454270362854,22,58,76,85,78,82,86,88,22,56,74,84
Ortho_Forward_Facing_CkAW6rL25xH,1,12.940218687057495,0,1,1,1,1,1,1,1,0,1,1,1
Reebok_ZIGCOOPERSTOWN_QUAG,9,97.39037775993349,1,2,5,9,9,9,9,9,1,2,5,9
Just_For_Men_ShampooIn_Haircolor_Light_Brown_25,137,306.0529091358185,74,113,128,136,137,137,137,137,74,113,128,136
Poppin_File_Sorter_Blue,54,102.96204376220705,12,31,44,52,42,46,50,53,12,31,43,51
Melissa_Doug_Jumbo_Knob_Puzzles_Barnyard_Animals,6,128.51430940628052,0,3,5,5,5,5,5,5,0,3,5,5
ASICS_GELBlur33_20_GS_Flash_YellowHot_PunchSilver,51,184.45555806159973,4,22,30,45,48,50,50,51,4,22,30,45
Rayna_BootieWP,40,237.56149554252625,14,23,27,35,37,38,40,40,14,23,27,35
FRACTION_FUN_n4h4qte23QR,71,207.9451811313629,26,49,64,69,62,64,66,70,25,48,62,69
Horse_Dreams_Pencil_Case,90,244.49798226356504,29,61,79,89,90,90,90,90,29,61,79,89
CLIMACOOL_BOAT_BREEZE_IE6CyqSaDwN,23,147.19029259681702,5,8,13,19,20,20,21,21,5,8,13,19
GRANDMOTHER,388,649.9765310287476,158,282,352,380,339,355,366,384,154,273,342,379
Office_Depot_Dell_Series_1_Remanufactured_Ink_Cartridge_TriColor,138,327.54075813293457,65,114,132,136,138,138,138,138,65,114,132,136
SAPPHIRE_R7_260X_OC,3,106.02969884872437,1,2,3,3,3,3,3,3,1,2,3,3
072-b_toy_airplane,348,491.08398818969727,185,305,338,348,344,346,348,348,185,305,338,348
Razer_Taipan_White_Ambidextrous_Gaming_Mouse,232,443.84588956832886,129,196,211,227,211,214,219,232,129,194,207,227
070-b_colored_wood_blocks,745,764.6841540336609,435,667,727,745,654,700,733,744,421,639,716,744
Womens_Teva_Capistrano_Bootie_ldjRT9yZ5Ht,21,167.7427442073822,8,12,15,20,21,21,21,21,8,12,15,20
Brother_Ink_Cartridge_Magenta_LC75M,114,366.9677383899689,58,96,108,110,107,109,112,114,58,96,108,110
Schleich_Lion_Action_Figure,394,632.4817323684692,184,305,362,391,336,357,378,390,180,292,354,389
Mens_Bahama_in_White_vSwvGMCo32f,33,204.38641953468323,5,16,22,32,31,32,32,32,5,16,22,32
BUNNY_RATTLE,272,519.6363248825073,67,171,218,258,232,242,251,265,67,169,213,256
Threshold_Porcelain_Serving_Bowl_Coupe_White,50,120.15471982955933,4,18,30,44,24,30,35,47,4,15,28,44
Mens_Largo_Slip_On_in_Taupe_gooyS417q4R,33,181.36421990394592,4,13,19,29,32,32,33,33,4,13,19,29
Mens_RR_Moc_in_Navy_Suede_vmFfijhBzL3,31,159.994127035141,9,17,24,31,31,31,31,31,9,17,24,31
5_HTP,509,796.2689764499664,298,461,505,509,506,508,509,509,298,460,505,509
Womens_Cloud_Logo_Authentic_Original_Boat_Shoe_in_Black_Supersoft_8LigQYwf4gr,92,278.68554759025574,22,53,74,86,86,87,87,91,22,52,72,86
Remington_TStudio_Silk_Ceramic_Hair_Straightener_2_Inch_Floating_Plates,98,215.0456385612488,28,65,78,92,94,96,96,97,28,65,78,92
PEEKABOO_ROLLER,552,911.6450231075288,354,520,549,552,552,552,552,552,354,520,549,552
Travel_Smart_Neck_Rest_Inflatable,70,254.66337323188785,45,61,67,69,69,69,69,70,45,61,67,69
Chef_Style_Round_Cake_Pan_9_inch_pan,77,124.61938190460204,1,23,46,63,46,51,60,75,1,23,45,63
Cootie_Game_tDhURNbfU5J,0,33.11315035820007,0,0,0,0,0,0,0,0,0,0,0,0
Polar_Herring_Fillets_Smoked_Peppered_705_oz_total,199,455.0740945339203,90,170,194,197,188,193,194,198,90,168,192,197
Gigabyte_GA970AUD3P_10_Motherboard_ATX_Socket_AM3,1,43.21733641624451,0,1,1,1,1,1,1,1,0,1,1,1
Wild_Copper_Tieks_Metallic_Italian_Leather_Ballet_Flats,127,315.86948442459106,32,86,105,126,121,123,126,127,32,86,105,126
W_Lou_z0dkC78niiZ,31,194.4277858734131,9,21,26,30,30,30,31,31,9,21,26,30
ACE_Coffee_Mug_Kristen_16_oz_cup,84,228.5644657611847,11,35,58,72,72,74,76,79,11,34,56,71
Thomas_Friends_Wooden_Railway_Talking_Thomas_z7yi7UFHJRj,537,900.781997680664,324,477,523,536,521,530,534,536,324,475,522,535
Office_Depot_Canon_PG_240XL_Ink_Cartridge_Black_5206B001,119,337.0396525859833,65,102,115,118,119,119,119,119,65,102,115,118
Lenovo_Yoga_2_11,17,110.98507928848268,1,7,8,11,9,9,12,17,1,6,8,11
Nestle_Raisinets_Milk_Chocolate_35_oz_992_g,81,405.87690830230713,28,60,72,78,69,72,76,80,28,58,72,78
ASICS_GELResolution_5_Flash_YellowBlackSilver,6,97.69047021865843,0,1,4,6,6,6,6,6,0,1,4,6
Reebok_R_DANCE_FLASH,24,165.68050241470337,8,13,18,22,24,24,24,24,8,13,18,22
Super_Mario_3D_World_Wii_U_Game,20,250.9650285243988,6,15,18,19,14,16,18,19,5,13,18,19
Ecoforms_Plant_Container_S24Turquoise,113,203.22172355651853,8,33,60,83,61,68,77,98,8,31,57,81
Perricone_MD_Skin_Clear_Supplements,1,51.42458748817444,0,1,1,1,1,1,1,1,0,1,1,1
Full_Circle_Happy_Scraps_Out_Collector_Gray,9,68.77932357788086,0,0,3,6,6,6,6,8,0,0,3,6
PureCadence_2_Color_TleBluLmePnchSlvMoodIndgWh_Size_50_EEzAfcBfHHO,24,176.06289935112,3,10,16,23,22,23,24,24,3,10,16,23
Pepsi_Cola_Wild_Cherry_Diet_12_12_fl_oz_355_ml_cans_144_fl_oz_426_lt,0,25.928969860076904,0,0,0,0,0,0,0,0,0,0,0,0
Melissa_Doug_See_Spell,1,81.51260280609131,0,0,1,1,1,1,1,1,0,0,1,1
050_medium_clamp,615,749.5813806056976,201,424,534,603,456,503,549,602,188,390,500,595
013_apple,797,844.5292794704437,352,731,793,797,797,797,797,797,352,731,793,797
BIA_Cordon_Bleu_White_Porcelain_Utensil_Holder_900028,9,38.389620542526245,0,0,1,2,3,3,3,6,0,0,1,2
Office_Depot_HP_920XL_920_High_Yield_Black_and_Standard_CMY_Color_Ink_Cartridges,30,170.7106912136078,8,20,25,30,30,30,30,30,8,20,25,30
Perricone_MD_Health_Weight_Management_Supplements,0,34.18167233467102,0,0,0,0,0,0,0,0,0,0,0,0
KS_Chocolate_Cube_Box_Assortment_By_Neuhaus_2010_Ounces,4,33.43582725524902,0,0,0,2,3,3,4,4,0,0,0,2
Cole_Hardware_Dishtowel_Red,31,225.34055495262143,8,14,25,29,24,25,27,30,7,13,24,29
Reebok_BREAKPOINT_MID,36,233.53720474243164,12,23,27,35,35,35,36,36,12,23,27,35
DANCING_ALLIGATOR_zoWBjc0jbTs,59,157.7585732936859,18,41,51,56,55,56,57,59,18,40,51,56
Office_Depot_Canon_CLI36_Remanufactured_Ink_Cartridge_TriColor,101,256.42152428627014,45,83,95,99,99,100,100,100,45,83,95,99
Pennington_Electric_Pot_Cabana_4,141,292.40940833091736,6,45,90,115,107,109,120,131,6,45,87,113
016_pear,775,910.931441307068,293,703,762,774,772,773,774,775,293,703,762,774
Android_Figure_Panda,604,966.1280300617218,354,557,598,603,602,603,604,604,354,556,598,603
The_Coffee_Bean_Tea_Leaf_KCup_Packs_Jasmine_Green_Tea_16_count,0,52.630929470062256,0,0,0,0,0,0,0,0,0,0,0,0
Timberland_Mens_Earthkeepers_Casco_Bay_Canvas_SlipOn,32,184.92447233200076,6,15,24,27,28,31,31,32,6,15,24,27
Office_Depot_Canon_PGI22_Remanufactured_Ink_Cartridge_Black,141,324.05940222740173,64,120,132,141,141,141,141,141,64,120,132,141
065-a_cups,757,968.0768320560456,340,607,697,744,710,728,740,755,340,605,695,744
Vtech_Roll_Learn_Turtle,5,71.5958604812622,0,2,4,5,5,5,5,5,0,2,4,5
Timberland_Mens_Earthkeepers_Stormbuck_Lite_Plain_Toe_Oxford,11,144.78508734703064,0,5,10,11,11,11,11,11,0,5,10,11
MINI_EXCAVATOR,102,213.8894982337952,26,57,74,97,97,98,101,102,26,57,74,97
Hey_You_Pikachu_Nintendo_64,114,526.9529809951782,44,86,101,114,98,103,109,113,44,85,101,113
CHICKEN_NESTING,28,109.49184799194336,8,13,23,27,28,28,28,28,8,13,23,27
Mens_Authentic_Original_Boat_Shoe_in_Navy_Leather_RpT4GvUXRRP,69,252.3827826976776,23,40,55,67,62,63,66,69,22,39,53,67
065-b_cups,698,915.2326443195344,271,558,640,685,664,677,682,690,271,555,636,684
Twinlab_Nitric_Fuel,411,670.3010361194611,223,369,401,411,410,411,411,411,223,369,401,411
ProSport_Harness_to_Booster_Seat,46,228.41951537132263,17,36,42,44,41,41,44,46,17,35,42,44
Beetle_Adventure_Racing_Nintendo_64,94,474.6823198795319,36,69,87,93,85,88,91,93,36,69,87,93
Lego_Friends_Advent_Calendar,1,45.68626046180725,0,1,1,1,1,1,1,1,0,1,1,1
Mens_Bahama_in_Black_b4ADzYywRHl,38,205.94302821159363,4,19,27,35,35,36,37,38,4,19,26,35
Netgear_Nighthawk_X6_AC3200_TriBand_Gigabit_Wireless_Router,0,28.079803228378296,0,0,0,0,0,0,0,0,0,0,0,0
070-a_colored_wood_blocks,0,34.23119759559631,0,0,0,0,0,0,0,0,0,0,0,0
Threshold_Bamboo_Ceramic_Soap_Dish,174,344.5341579914093,39,118,147,167,158,162,165,173,39,117,146,166
Beyonc_Life_is_But_a_Dream_DVD,13,265.0125207901001,5,10,11,13,11,11,12,13,5,9,10,13
052_extra_large_clamp,192,372.36226749420166,94,155,180,188,167,175,184,190,90,150,177,188
Reebok_ULTIMATIC_2V,46,190.67266750335693,8,29,36,43,45,45,46,46,8,29,36,43
Canon_Pixma_Ink_Cartridge_Cyan_251,122,426.8315887451172,35,79,98,111,85,90,99,113,35,73,92,108
Perricone_MD_Face_Finishing_Moisturizer_4_oz,273,473.1076836585999,152,245,262,272,272,273,273,273,152,245,262,272
Apples_to_Apples_Kids_Edition,4,80.29026174545288,2,4,4,4,4,4,4,4,2,4,4,4
Down_To_Earth_Ceramic_Orchid_Pot_Asst_Blue,19,74.64297795295715,1,5,12,14,7,10,13,18,1,5,11,14
LTyrosine,376,625.5216207504272,193,327,360,375,372,376,376,376,193,327,360,375
ASICS_GELLinksmaster_WhiteCoffeeSand,13,102.80047059059144,2,3,5,12,13,13,13,13,2,3,5,12
Reebok_TRIPLE_BREAK_LITE,51,196.95089888572693,10,25,40,50,50,51,51,51,10,25,40,50
Asus_Z87PRO_Motherboard_ATX_LGA1150_Socket,0,34.15334868431091,0,0,0,0,0,0,0,0,0,0,0,0
Womens_Bluefish_2Eye_Boat_Shoe_in_Brown_Deerskin_i1TgjjO0AKY,75,250.63901925086972,15,42,59,71,74,74,74,75,15,42,59,71
CREATIVE_BLOCKS_35_MM,4,71.60885334014893,3,3,4,4,4,4,4,4,3,3,4,4
Grreat_Choice_Dog_Double_Dish_Plastic_Blue,12,49.642417430877686,2,7,8,10,10,11,11,11,2,7,8,10
JBL_Charge_Speaker_portable_wireless_wired_Green,173,359.68702030181885,75,143,164,173,172,173,173,173,75,143,164,173
Ecoforms_Plant_Saucer_SQ8COR,135,224.8145933151245,15,45,80,110,68,81,95,118,12,39,71,104
Cole_Hardware_Hammer_Black,264,535.1808953285217,103,202,247,262,256,259,260,264,103,200,245,262
Perricone_MD_Cold_Plasma,52,204.17493414878845,22,38,47,51,52,52,52,52,22,38,47,51
Logitech_Ultimate_Ears_Boom_Wireless_Speaker_Night_Black,2,83.62679529190063,0,0,0,2,2,2,2,2,0,0,0,2
Germanium_GE132,501,866.4582734107971,353,477,496,501,494,498,500,501,352,475,495,501
072-a_toy_airplane,15,81.16163873672485,1,4,9,13,15,15,15,15,1,4,9,13
PureConnect_2_Color_AnthrcteKnckoutPnkGrnGecko_Size_50,28,185.8613827228546,5,18,22,27,27,28,28,28,5,18,22,27
Ghost_6_Color_MdngtDenmPomBrtePnkSlvBlk_Size_50,9,109.64809775352478,1,4,4,8,9,9,9,9,1,4,4,8
Ecoforms_Planter_Pot_QP6Ebony,19,52.97938370704651,0,2,5,9,6,7,10,14,0,2,5,9
006_mustard_bottle,179,377.8012464046478,71,129,165,176,177,179,179,179,71,129,165,176
Phillips_Milk_of_Magnesia_Saline_Laxative_Liquid_Original,262,460.270482301712,130,212,245,260,261,262,262,262,130,212,245,260
Avengers_Thor_PLlrpYniaeB,12,48.70075416564941,3,5,7,10,10,10,11,12,3,4,6,10
Ecoforms_Plant_Container_Quadra_Turquoise_QP12,7,29.58349561691284,0,0,0,1,3,3,6,7,0,0,0,1
Threshold_Dinner_Plate_Square_Rim_White_Porcelain,55,146.74631094932556,7,15,23,37,29,32,35,47,7,14,21,36
014_lemon,946,986.1911480426788,571,913,945,946,944,946,946,946,570,913,945,946
Kotobuki_Saucer_Dragon_Fly,417,692.6350762844086,61,206,313,397,182,216,267,360,45,142,241,355
Santa_Cruz_Mens_YmsMDkFf11Z,26,144.47196459770203,4,13,23,24,26,26,26,26,4,13,23,24
Crayola_Crayons_24_count,194,468.2250952720642,115,171,187,192,187,191,193,194,115,170,186,192
Squirt_Strain_Fruit_Basket,162,336.280469417572,53,118,142,159,160,162,162,162,53,118,142,159
PUNCH_DROP_TjicLPMqLvz,2,66.70072436332703,0,0,0,2,0,1,2,2,0,0,0,2
ZX700_mzGbdP3u6JB,22,141.93436074256897,4,9,18,21,22,22,22,22,4,9,18,21
ASICS_GELChallenger_9_Royal_BlueWhiteBlack,8,102.53741121292114,0,5,5,8,8,8,8,8,0,5,5,8
Mens_Gold_Cup_ASV_Capetown_Penny_Loafer_in_Black_GkQBKqABeQN,32,187.2592351436615,5,15,22,30,32,32,32,32,5,15,22,30
Olive_Kids_Birdie_Pack_n_Snack,0,10.843505382537842,0,0,0,0,0,0,0,0,0,0,0,0
Spectrum_Wall_Mount,242,372.09342527389526,58,143,188,224,140,164,193,225,41,112,167,216
063-a_marbles,668,792.2931087017059,158,446,580,662,628,647,659,665,156,443,579,660
Paper_Mario_Sticker_Star_Nintendo_3DS_Game,35,329.26298570632935,11,25,28,31,26,28,28,31,11,25,28,29
Persona_Q_Shadow_of_the_Labyrinth_Nintendo_3DS,49,296.15102767944336,21,41,48,49,48,49,49,49,21,41,48,49
TURBOPROP_AIRPLANE_WITH_PILOT,397,555.5386381149292,129,275,347,389,348,366,382,394,127,272,341,388
Weston_No_22_Cajun_Jerky_Tonic_12_fl_oz_nLj64ZnGwDh,272,452.148047208786,152,233,259,268,270,271,271,272,152,233,259,268
Design_Ideas_Drawer_Store_Organizer,38,104.43028664588928,4,17,25,30,29,30,32,37,4,17,25,30
Seagate_1TB_Wireless_Plus_mobile_device_storage,86,394.3725941181183,31,59,78,84,73,76,80,86,31,58,76,84
Creatine_Monohydrate,0,38.24552774429321,0,0,0,0,0,0,0,0,0,0,0,0
Office_Depot_Canon_CL211XL_Remanufactured_Ink_Cartridge_TriColor,122,332.35876417160034,57,101,116,122,120,122,122,122,57,101,116,122
BABY_CAR,399,627.5389454364777,94,249,331,394,381,390,397,399,94,249,331,394
DPC_tropical_Trends_Hat,0,78.61272096633911,0,0,0,0,0,0,0,0,0,0,0,0
adizero_F50_TRX_FG_LEA,44,199.4618320465088,8,19,27,38,41,43,43,44,8,19,27,38
Organic_Whey_Protein_Unflavored,2,62.05245041847229,0,0,0,1,2,2,2,2,0,0,0,1
Threshold_Textured_Damask_Bath_Towel_Pink,3,84.1039469242096,0,2,2,3,3,3,3,3,0,2,2,3
Ecoforms_Plant_Pot_GP9_SAND,201,429.3788800239563,54,133,159,178,157,164,172,188,52,129,155,173
Poppin_File_Sorter_White,51,88.41257452964783,9,30,40,48,37,41,45,49,9,29,38,48
Razer_BlackWidow_Ultimate_2014_Mechanical_Gaming_Keyboard,8,123.41579270362854,3,7,7,8,8,8,8,8,3,7,7,8
Quercetin_500,176,318.56061816215515,63,130,161,175,176,176,176,176,63,130,161,175
Black_Forest_Fruit_Snacks_28_Pack_Grape,0,51.79054379463196,0,0,0,0,0,0,0,0,0,0,0,0
Sapota_Threshold_4_Ceramic_Round_Planter_Red,102,253.2502338886261,7,35,60,78,70,76,80,91,7,31,58,76
Lavender_Snake_Tieks_Snake_Print_Ballet_Flats,141,314.7063286304474,44,95,123,139,137,140,140,140,44,95,123,139
Razer_Kraken_Pro_headset_Full_size_Black,47,144.99247860908508,13,23,35,41,45,46,47,47,13,23,35,41
COAST_GUARD_BOAT,342,568.2512743473053,131,250,308,339,335,341,341,342,131,250,308,339
Threshold_Hand_Towel_Blue_Medallion_16_x_27,5,195.310182094574,3,4,4,5,5,5,5,5,3,4,4,5
CASTLE_BLOCKS,25,101.7610249519348,5,16,21,24,23,24,24,25,5,16,21,24
Sootheze_Cold_Therapy_Elephant,15,115.21488571166992,1,5,9,15,15,15,15,15,1,5,9,15
Shurtape_30_Day_Removal_UV_Delct_15,145,313.1506609916687,47,78,108,118,122,131,138,145,47,76,106,118
Brother_LC_1053PKS_Ink_Cartridge_CyanMagentaYellow_1pack,95,266.7805383205414,40,73,88,94,93,94,95,95,40,73,88,94
Crazy_Shadow_2,9,128.4794704914093,2,2,5,6,6,6,6,9,2,2,5,6
Markings_Letter_Holder,15,78.46949934959412,1,3,5,9,10,10,10,13,1,3,5,9
Gigabyte_GA78LMTUSB3_50_Motherboard_Micro_ATX_Socket_AM3,1,80.81233668327332,0,0,1,1,1,1,1,1,0,0,1,1
Starstruck_Tieks_Glittery_Gold_Italian_Leather_Ballet_Flats,126,290.79622769355774,42,94,109,121,124,126,126,126,42,94,109,121
Nintendo_Yoshi_Action_Figure,421,659.599995136261,147,285,362,410,385,407,417,421,146,283,361,410
Imaginext_Castle_Ogre,10,92.2834198474884,2,6,8,10,9,9,9,10,2,6,8,10
Android_Figure_Orange,561,909.823573589325,344,516,550,560,554,555,557,558,344,514,548,558
038_padlock,636,897.8404431343079,350,547,610,633,603,618,629,635,346,541,608,633
Perricone_MD_No_Foundation_Serum,240,469.303288936615,143,220,235,240,238,239,239,240,143,220,235,240
Black_and_Decker_TR3500SD_2Slice_Toaster,0,21.690769910812374,0,0,0,0,0,0,0,0,0,0,0,0
InterDesign_Over_Door,154,279.94810223579407,14,40,77,115,100,109,121,145,14,39,76,115
Mattel_SKIP_BO_Card_Game,49,304.19618701934814,18,29,36,45,43,46,47,49,18,29,36,45
3D_Dollhouse_TablePurple,345,523.4519274234772,81,218,292,340,305,321,334,344,80,217,291,340
Sonny_School_Bus,6,44.68975162506104,0,3,5,6,6,6,6,6,0,3,5,6
Reebok_VERSA_TRAIN,5,107.86993074417114,0,1,2,2,4,4,5,5,0,1,2,2
Mad_Gab_Refresh_Card_Game,0,39.2576060295105,0,0,0,0,0,0,0,0,0,0,0,0
Womens_Sparkle_Suede_Bahama_in_Silver_Sparkle_Suede_Grey_Patent_x9rclU7EJXx,83,264.1520981788635,24,58,74,78,79,79,79,83,24,57,73,78
Razer_Goliathus_Control_Edition_Small_Soft_Gaming_Mouse_Mat,14,164.49846768379211,2,9,10,11,5,5,9,10,1,5,8,9
Great_Jones_Wingtip_j5NV8GRnitM,10,144.01795625686646,1,2,3,8,9,10,10,10,1,2,3,8
Perricoen_MD_No_Concealer_Concealer,316,589.5877017974854,190,287,310,316,312,316,316,316,190,287,310,316
Breyer_Horse_Of_The_Year_2015,128,274.8764455318451,38,81,103,125,114,123,126,128,38,80,103,125
Toys_R_Us_Treat_Dispenser_Smart_Puzzle_Foobler,0,8.274003267288208,0,0,0,0,0,0,0,0,0,0,0,0
Olive_Kids_Robots_Pencil_Case,80,229.9111349582672,20,50,67,78,79,80,80,80,20,50,67,78
Cole_Hardware_Butter_Dish_Square_Red,156,364.31514716148376,26,100,136,156,153,154,155,155,26,100,136,155
New_Super_Mario_BrosWii_Wii_Game,16,274.93339347839355,8,11,14,16,11,12,13,14,8,10,13,14
Sea_to_Summit_Xl_Bowl,149,222.122088432312,26,63,95,126,77,95,113,133,20,59,87,124
Ecoforms_Plate_S20Avocado,148,245.41080284118647,8,30,66,107,54,62,83,122,7,23,50,101
adiZero_Slide_2_SC,32,148.3005757331848,7,25,27,30,30,31,31,32,7,25,27,30
Perricone_MD_The_Cold_Plasma_Face_Eyes_Duo,23,127.50653195381165,12,19,21,23,23,23,23,23,12,19,21,23
Reebok_COMFORT_REEFRESH_FLIP,69,225.95093894004825,33,58,68,69,66,68,69,69,33,57,68,69
Tag_Dishtowel_Waffle_Gray_Checks_18_x_26,34,257.87927508354187,21,30,33,34,33,34,34,34,21,30,33,34
Chefmate_8_Frypan,121,229.8036754131317,13,47,71,94,62,69,78,108,10,36,60,91
Sootheze_Toasty_Orca,13,80.98428392410278,5,11,12,13,13,13,13,13,5,11,12,13
Mens_Mako_Canoe_Moc_2Eye_Boat_Shoe_in_OysterTaupe_otyRrfvPMiA,30,149.62450909614563,7,14,18,26,30,30,30,30,7,14,18,26
022_windex_bottle,85,272.46909189224243,30,53,71,80,84,85,85,85,30,53,71,80
Hasbro_Life_Board_Game,1,42.29330825805664,0,0,0,0,1,1,1,1,0,0,0,0
Playmates_nickelodeon_teenage_mutant_ninja_turtles_shredder,327,527.905618429184,95,203,268,319,291,305,319,325,94,200,266,317
Ecoforms_Plant_Container_SB9Turquoise,5,30.7467360496521,0,1,2,4,5,5,5,5,0,1,2,4
Travel_Mate_P_series_Notebook,10,102.4467613697052,1,3,5,7,7,8,9,10,1,3,5,7
Matte_Black_Tieks_Italian_Leather_Ballet_Flats,139,300.4539670944214,41,99,123,137,136,137,137,139,41,99,123,137
ALPHABET_AZ_GRADIENT,3,124.93695640563963,0,1,2,2,2,2,2,3,0,1,2,2
Ecoforms_Plant_Container_QP6HARVEST,9,44.8237407207489,0,0,0,3,3,3,4,7,0,0,0,3
Mens_Mako_Canoe_Moc_2Eye_Boat_Shoe_in_Coffee_K9e8FoV73uZ,44,189.132967710495,6,23,29,40,42,42,44,44,6,23,29,40
Razer_Kraken_71_Chroma_headset_Full_size_Black,0,26.35668396949768,0,0,0,0,0,0,0,0,0,0,0,0
PureConnect_2_Color_BlckBrllntBluNghtlfeAnthrct_Size_70,10,98.004647731781,1,3,7,10,10,10,10,10,1,3,7,10
Office_Depot_HP_71_Remanufactured_Ink_Cartridge_Black,120,309.212434053421,53,96,112,120,120,120,120,120,53,96,112,120
Schleich_Spinosaurus_Action_Figure,133,264.04306197166443,40,79,97,120,109,116,121,130,40,76,95,119
Womens_Angelfish_Boat_Shoe_in_Linen_Oat,123,332.59299898147583,33,85,103,117,117,119,121,123,32,83,102,117
Eat_to_Live_The_Amazing_NutrientRich_Program_for_Fast_and_Sustained_Weight_Loss_Revised_Edition_Book,19,201.0594334602356,6,14,17,18,18,19,19,19,6,14,17,18
Jarrow_Glucosamine_Chondroitin_Combination_120_Caps,366,579.0773935317993,194,319,351,365,364,364,365,365,194,319,351,364
MOSAIC,16,186.0288512706757,8,10,11,14,11,12,13,16,7,8,10,14
Dog,2,85.84344029426575,0,2,2,2,2,2,2,2,0,2,2,2
Mens_Mako_Canoe_Moc_2Eye_Boat_Shoe_in_Coffee_9d05GG33QQQ,26,190.91105818748477,7,12,16,23,24,25,25,26,6,11,15,23
Tena_Pads_Heavy_Long_42_pads,0,14.352631330490112,0,0,0,0,0,0,0,0,0,0,0,0
Womens_Bluefish_2Eye_Boat_Shoe_in_Linen_Oat_niKJKeWsmxY,75,250.48505115509036,18,44,65,71,71,72,73,75,18,44,65,71
SNAIL_MEASURING_TAPE,351,533.9643955230713,157,294,318,345,322,328,336,342,156,291,315,342
Little_Debbie_Chocolate_Cupcakes_8_ct,1,97.11972618103027,0,1,1,1,1,1,1,1,0,1,1,1
Mens_Billfish_Slip_On_in_Coffee_e8bPKE9Lfgo,29,137.42146372795105,3,11,21,25,28,29,29,29,3,11,21,25
Clue_Board_Game_Classic_Edition,3,77.23381567001343,1,1,1,3,3,3,3,3,1,1,1,3
LEGO_City_Advent_Calendar,1,39.0636146068573,0,0,1,1,1,1,1,1,0,0,1,1
Asus_X99Deluxe_Motherboard_ATX_LGA2011v3_Socket,0,28.742775917053223,0,0,0,0,0,0,0,0,0,0,0,0
UGG_Bailey_Button_Triplet_Womens_Boots_Black_7,3,82.0257785320282,1,1,1,1,3,3,3,3,1,1,1,1
LEGO_Bricks_More_Creative_Suitcase,0,20.686768770217896,0,0,0,0,0,0,0,0,0,0,0,0
Just_For_Men_Mustache_Beard_Brushin_Hair_Color_Gel_MediumDark_Brown_M40,123,325.2857913970947,69,113,118,123,122,122,122,123,69,112,117,123
Womens_Audrey_Slip_On_Boat_Shoe_in_Graphite_Nubuck_xWVkCJ5vxZe,142,304.8790807723999,40,89,121,136,133,134,137,141,40,88,119,135
Ecoforms_Plant_Container_B4_Har,227,426.22087812423706,32,134,172,199,159,164,181,210,31,121,153,188
Nescafe_16Count_Dolce_Gusto_Cappuccino_Capsules,0,58.03963851928711,0,0,0,0,0,0,0,0,0,0,0,0
HP_Card_Invitation_Kit,18,181.86945176124573,7,14,16,18,18,18,18,18,7,14,16,18
Perricone_MD_Neuropeptide_Firming_Moisturizer,333,542.4111251831055,188,303,330,333,333,333,333,333,188,303,330,333
UGG_Classic_Tall_Womens_Boots_Chestnut_7,1,71.60448670387268,0,0,1,1,1,1,1,1,0,0,1,1
Android_Figure_Chrome,573,869.8702168464661,340,527,567,573,570,573,573,573,340,527,567,573
Seagate_1TB_Backup_Plus_portable_drive_for_Mac,63,413.4060213565826,21,40,52,62,49,51,55,61,21,39,49,60
Tory_Burch_Kiernan_Riding_Boot,7,119.9456069469452,0,1,5,6,7,7,7,7,0,1,5,6
Reebok_TURBO_RC,9,123.27821826934814,2,2,5,8,9,9,9,9,2,2,5,8
Crazy_Shadow_2_oW4Jd10HFFr,26,169.517639875412,7,16,22,25,25,26,26,26,7,16,22,25
Jawbone_UP24_Wireless_Activity_Tracker_Pink_Coral_L,324,688.1802885532379,79,196,250,307,194,215,249,298,63,146,207,287
HELICOPTER,254,379.2656078338623,83,177,218,244,224,235,243,252,83,174,215,244
FYW_ALTERNATION,6,95.221932888031,0,1,3,5,6,6,6,6,0,1,3,5
Asus_M5A99FX_PRO_R20_Motherboard_ATX_Socket_AM3,0,51.85275673866272,0,0,0,0,0,0,0,0,0,0,0,0
White_Rose_Tieks_Leather_Ballet_Flats_with_Floral_Rosettes,134,304.0781395435333,32,86,113,131,131,134,134,134,32,86,113,131
Womens_Authentic_Original_Boat_Shoe_in_Classic_Brown_Leather_cJSCWiH7QmB,93,273.65945839881897,21,59,76,89,91,92,92,93,21,59,76,89
Playmates_Industrial_CoSplinter_Teenage_Mutant_Ninja_Turtle_Action_Figure,341,525.5614709854126,88,212,279,335,312,324,334,339,88,211,279,334
Krill_Oil,441,694.1952977180481,277,407,430,440,438,441,441,441,277,407,430,440
Fruity_Friends,61,188.83427095413208,17,40,52,58,55,57,59,60,17,40,51,58
Epson_T5803_Ink_Cartridge_Magenta_1pack,159,411.4064118862152,102,147,155,159,157,158,159,159,102,147,155,159
Reebok_EASYTONE_CL_LEATHER,25,151.99413990974426,4,11,12,22,25,25,25,25,4,11,12,22
Womens_Sparkle_Suede_Bahama_in_Silver_Sparkle_Suede_Grey_Patent_tYrIBLMhSTN,86,268.8178791999817,19,46,65,81,82,84,85,85,19,45,65,81
Hasbro_Monopoly_Hotels_Game,3,59.89999508857727,1,2,2,2,3,3,3,3,1,2,2,2
TERREX_FAST_R,6,99.90997910499571,0,2,3,5,5,5,5,5,0,2,3,5
ASICS_GELLinksmaster_WhiteRasberryGunmetal,27,175.0036542415619,5,10,15,23,27,27,27,27,5,10,15,23
Epson_UltraChrome_T0548_Ink_Cartridge_Matte_Black_1pack,96,407.8873450756073,39,73,81,90,82,86,93,95,39,72,81,90
Connect_4_Launchers,0,36.42505764961243,0,0,0,0,0,0,0,0,0,0,0,0
Womens_Sequin_Bahama_in_White_Sequin_V9K1hf24Oxe,61,248.705459356308,19,41,52,59,60,60,60,60,19,41,52,59
Big_O_Sponges_Assorted_Cellulose_12_pack,97,494.150399684906,27,77,89,95,71,81,85,92,27,73,84,92
Samoa_onepiece,18,138.81766963005066,2,5,7,15,17,18,18,18,2,5,7,15
009_gelatin_box,455,537.1870224475861,285,418,444,455,434,444,452,454,284,413,442,454
Womens_Bluefish_2Eye_Boat_Shoe_in_Brown_Deerskin_JJ2pfEHTZG7,30,200.2580239772797,8,17,24,27,26,27,28,30,8,17,24,27
Womens_Betty_Chukka_Boot_in_Grey_Jersey_Sequin,49,222.46333837509155,10,28,38,48,48,48,48,48,10,28,38,48
Ecoforms_Plant_Container_S14Turquoise,215,373.8505461215973,18,61,124,189,79,99,134,187,12,39,97,175
LEGO_Fusion_Set_Town_Master,1,69.53160881996155,0,1,1,1,1,1,1,1,0,1,1,1
018_plum,944,971.36448097229,607,928,941,944,936,943,944,944,603,928,941,944
Olive_Kids_Dinosaur_Land_Munch_n_Lunch,0,36.82713747024536,0,0,0,0,0,0,0,0,0,0,0,0
Little_House_on_the_Prairie_Season_Two_5_Discs_Includes_Digital,29,240.89705610275269,14,22,26,29,29,29,29,29,14,22,26,29
Ubisoft_RockSmith_Real_Tone_Cable_Xbox_360,138,337.7478151321411,61,107,122,136,117,122,131,138,60,103,120,136
Reebok_ALLYLYNN,59,233.94407987594604,17,31,50,55,58,59,59,59,16,31,50,55
073-b_lego_duplo,765,914.4308848381042,390,666,732,763,695,729,754,765,385,656,726,763
Mario_Luigi_Dream_Team_Nintendo_3DS_Game,35,321.45041728019714,14,30,32,33,24,25,31,34,14,24,30,33
Hasbro_Dont_Wake_Daddy_Board_Game,0,23.62298274040222,0,0,0,0,0,0,0,0,0,0,0,0
Crayola_Crayons_Washable_24_crayons,212,510.1716134548187,123,184,197,210,204,207,209,212,123,184,197,210
Weston_No_33_Signature_Sausage_Tonic_12_fl_oz,274,449.4497318267822,149,234,262,274,272,273,273,274,149,234,261,274
Reebok_ZIGSTORM,31,143.66350507736206,9,20,24,29,30,31,31,31,9,20,24,29
Embark_Lunch_Cooler_Blue,0,21.034099102020264,0,0,0,0,0,0,0,0,0,0,0,0
GARDEN_SWING,52,116.86315846443176,4,19,25,36,37,40,47,52,4,19,25,36
Smith_Hawken_Woven_BasketTray_Organizer_with_3_Compartments_95_x_9_x_13,1,19.630492210388184,0,0,1,1,1,1,1,1,0,0,1,1
Vans_Cereal_Honey_Nut_Crunch_11_oz_box,3,101.5949649810791,0,0,0,2,3,3,3,3,0,0,0,2
053_mini_soccer_ball,41,121.74615859985352,0,3,12,40,41,41,41,41,0,3,12,40
Reebok_CL_RAYEN,10,126.85498666763306,1,2,4,9,10,10,10,10,1,2,4,9
IsoRich_Soy,1,50.49860644340515,0,0,0,1,1,1,1,1,0,0,0,1
Cole_Hardware_Antislip_Surfacing_White_2_x_60,47,155.38713550567627,29,42,47,47,47,47,47,47,29,42,47,47
Cole_Hardware_Dishtowel_BlueWhite,43,231.7548863887787,17,32,38,40,35,37,40,42,17,32,38,40
Olive_Kids_Trains_Planes_Trucks_Munch_n_Lunch_Bag,0,57.567564725875854,0,0,0,0,0,0,0,0,0,0,0,0
PureCadence_2_Color_HiRskRedNghtlfeSlvrBlckWht_Size_70,14,116.18469953536987,1,7,10,12,14,14,14,14,1,7,10,12
Chelsea_lo_fl_rdheel_zAQrnhlEfw8,132,347.70266366004944,31,82,109,129,122,126,130,132,30,79,107,129
Nestl_Crunch_Girl_Scouts_Cookie_Flavors_Caramel_Coconut_78_oz_box,23,136.7808449268341,10,17,19,23,23,23,23,23,10,17,19,23
DRAGON_W,39,181.4973304271698,4,17,29,36,37,37,38,38,4,17,29,36
Mens_ASV_Billfish_Boat_Shoe_in_Dark_Brown_Leather_zdHVHXueI3w,35,144.16706037521362,1,14,21,34,35,35,35,35,1,14,21,34
Copperhead_Snake_Tieks_Brown_Snake_Print_Ballet_Flats,135,319.0578978061676,38,92,117,132,133,133,134,135,38,92,117,132
Object_REmvBDJStub,26,136.7374153137207,1,7,11,14,11,14,16,22,1,7,11,14
F10_TRX_FG_ssscuo9tGxb,51,199.1808843612671,8,28,37,47,50,51,51,51,8,28,37,47
adizero_5Tool_25,29,170.64092707633972,2,10,14,25,27,29,29,29,2,10,14,25
Cole_Hardware_Dishtowel_Multicolors,22,255.58006072044373,6,15,20,22,15,17,20,22,5,13,19,22
065-h_cups,309,474.9532070159912,78,197,265,290,277,282,289,296,77,195,263,288
Room_Essentials_Mug_White_Yellow,92,206.0827033519745,18,48,62,76,76,77,80,84,18,47,61,76
Cole_Hardware_Plant_Saucer_Brown_125,55,127.7148802280426,8,17,31,42,35,37,45,54,7,17,31,42
Ghost_6_Color_BlckWhtLavaSlvrCitrus_Size_80,8,103.96038460731506,1,2,6,7,8,8,8,8,1,2,6,7
Tieks_Ballet_Flats_Electric_Snake,130,283.48215794563293,41,90,114,127,127,129,130,130,41,90,114,127
Retail_Leadership_Summit_tQFCizMt6g0,14,90.92994499206544,5,7,11,13,10,14,14,14,5,7,11,13
Dell_Ink_Cartridge_Yellow_31,117,313.2715120315552,53,81,90,104,86,88,90,104,53,77,84,101
Womens_Canvas_Bahama_in_Black,92,302.5536139011383,18,57,81,91,88,89,90,91,17,56,80,91
Deskstar_Desk_Top_Hard_Drive_1_TB,6,69.43788194656372,2,3,4,5,6,6,6,6,2,3,4,5
Ecoforms_Plant_Saucer_S14NATURAL,210,360.75008273124695,12,57,115,181,77,89,113,168,8,30,79,156
Tieks_Ballet_Flats_Diamond_White_Croc,144,341.0596356391907,44,103,128,143,139,142,143,144,44,102,127,143
Nikon_1_AW1_w11275mm_Lens_Silver,494,746.3182430267334,284,470,494,494,494,494,494,494,284,470,494,494
Perricone_MD_Photo_Plasma,64,222.85082960128784,25,56,60,64,64,64,64,64,25,56,60,64
Pet_Dophilus_powder,408,706.5337338447571,249,385,403,407,405,408,408,408,249,385,403,407
065-d_cups,561,808.5715856552124,185,476,534,554,543,546,552,556,185,473,530,551
Perricone_MD_High_Potency_Evening_Repair,256,458.3204164505005,161,240,253,256,253,255,256,256,161,240,253,256
037_scissors,465,643.0492107868195,104,309,389,443,298,344,384,446,88,264,350,433
Womens_Hikerfish_Boot_in_Linen_Leather_Sparkle_Suede_QktIyAkonrU,25,157.92784786224365,4,13,16,20,21,24,24,25,4,13,16,20
Magnifying_Glassassrt,315,614.4863183498383,84,200,267,308,208,223,249,295,72,163,225,290
Santa_Cruz_Mens_umxTczr1Ygg,25,133.83545875549316,2,15,19,24,25,25,25,25,2,15,19,24
Great_Jones_Wingtip,18,127.97335600852966,3,7,10,16,17,17,18,18,3,7,10,16
Marc_Anthony_Skip_Professional_Oil_of_Morocco_Conditioner_with_Argan_Oil,255,490.0847613811493,158,222,240,249,246,247,248,254,158,222,240,249
Schleich_S_Bayala_Unicorn_70432,257,433.8353664875031,83,147,194,248,217,234,245,256,83,145,193,248
Thomas_Friends_Wooden_Railway_Ascending_Track_Riser_Pack,100,270.2735595703125,24,60,77,85,89,91,95,100,24,60,77,85
Spritz_Easter_Basket_Plastic_Teal,24,61.34552073478699,0,4,6,14,7,8,10,20,0,4,4,14
Dino_4,332,549.268646478653,87,215,272,328,296,310,329,331,86,213,272,328
Crayola_Bonus_64_Crayons,46,246.4633445739746,28,37,41,45,45,46,46,46,28,37,41,45
Ecoforms_Plant_Container_QP_Turquoise,128,327.10007786750793,28,56,74,91,80,85,91,111,28,54,71,90
Ecoforms_Saucer_SQ3_Turquoise,167,306.99836707115173,18,80,118,135,91,105,113,146,13,68,96,125
Cole_Hardware_Electric_Pot_Assortment_55,27,93.08735013008118,3,12,16,19,16,20,21,26,3,12,16,19
Epson_LabelWorks_LC4WBN9_Tape_reel_labels_047_x_295_Roll_Black_on_White,163,402.78079891204834,79,132,143,159,152,153,158,162,79,132,143,159
Office_Depot_HP_74XL75_Remanufactured_Ink_Cartridges_BlackTriColor_2_count,31,171.0160355567932,9,22,30,31,31,31,31,31,9,22,30,31
Jansport_School_Backpack_Blue_Streak,0,7.800575017929077,0,0,0,0,0,0,0,0,0,0,0,0
PEPSI_NEXT_CACRV,0,22.485323905944824,0,0,0,0,0,0,0,0,0,0,0,0
Perricone_MD_Skin_Total_Body_Supplements,0,46.96575856208801,0,0,0,0,0,0,0,0,0,0,0,0
Olive_Kids_Dinosaur_Land_Lunch_Box,0,36.41642284393311,0,0,0,0,0,0,0,0,0,0,0,0
TriStar_Products_PPC_Power_Pressure_Cooker_XL_in_Black,0,8.795981168746948,0,0,0,0,0,0,0,0,0,0,0,0
Marc_Anthony_True_Professional_Strictly_Curls_Curl_Defining_Lotion,277,522.6279366016388,165,245,257,269,269,271,273,276,165,245,257,269
Hefty_Waste_Basket_Decorative_Bronze_85_liter,4,24.971067428588867,0,0,1,2,1,2,2,3,0,0,1,2
Womens_Sparkle_Suede_Angelfish_in_Grey_Sparkle_Suede_Silver,129,326.8595552444458,33,99,117,126,127,129,129,129,33,99,117,126
Womens_Bluefish_2Eye_Boat_Shoe_in_Tan,73,271.6108829975128,22,47,59,69,69,69,72,73,22,47,59,69
Dell_Ink_Cartridge,100,244.2751259803772,47,79,87,95,91,92,93,96,47,79,86,95
Android_Lego,233,593.1598737239838,68,152,203,227,186,204,217,229,64,144,193,225
032_knife,496,588.4116489887238,120,329,423,475,287,327,373,461,103,271,348,448
Canon_Pixma_Ink_Cartridge_8_Green,150,460.0805058479309,55,85,104,128,92,102,112,130,55,84,98,125
Canon_Ink_Cartridge_Green_6,130,369.1503598690033,75,111,118,126,119,121,121,126,75,111,116,125
50_BLOCKS,13,99.5874536037445,1,7,8,10,13,13,13,13,1,7,8,10
My_Little_Pony_Princess_Celestia,53,154.93635082244873,12,22,34,44,43,46,49,53,12,22,34,44
Wilton_Easy_Layers_Cake_Pan_Set,23,167.877703666687,7,19,21,23,22,23,23,23,7,19,21,23
Granimals_20_Wooden_ABC_Blocks_Wagon_85VdSftGsLi,394,846.9245843887329,313,376,388,394,385,388,393,394,313,375,387,394
GoPro_HERO3_Composite_Cable,354,816.4755306243896,155,273,326,351,287,311,335,351,148,256,315,348
Nordic_Ware_Original_Bundt_Pan,28,50.09553122520447,3,4,9,13,14,15,20,24,3,4,9,13
Don_Franciscos_Gourmet_Coffee_Medium_Decaf_100_Colombian_12_oz_340_g,28,137.33718490600586,2,11,17,28,28,28,28,28,2,11,17,28
Razer_BlackWidow_Stealth_2014_Keyboard_07VFzIVabgh,7,100.87171745300292,1,3,7,7,7,7,7,7,1,3,7,7
Cole_Hardware_Mini_Honey_Dipper,319,681.1405122280121,97,220,280,311,193,226,262,303,81,181,246,297
Sperry_TopSider_pSUFPWQXPp3,26,164.80493903160095,5,13,19,23,26,26,26,26,5,13,19,23
VANS_FIRE_ROASTED_VEGGIE_CRACKERS_GLUTEN_FREE,12,132.83687663078308,5,9,11,11,12,12,12,12,5,9,11,11
Olive_Kids_Birdie_Sidekick_Backpack,0,17.659539461135864,0,0,0,0,0,0,0,0,0,0,0,0
Womens_Sequin_Bahama_in_White_Sequin_XoR8xTlxj1g,51,232.31504130363464,13,34,40,46,49,49,51,51,13,34,40,46
3M_Antislip_Surfacing_Light_Duty_White,97,283.3303065299988,54,78,88,97,90,93,95,97,54,78,88,97
Brother_Printing_Cartridge_PC501,20,124.99756479263306,12,19,20,20,20,20,20,20,12,19,20,20
Tag_Dishtowel_Green,21,242.8778235912323,3,13,16,20,15,16,18,21,3,13,14,20
Santa_Cruz_Mens_G7kQXK7cIky,21,120.10266399383544,1,6,11,18,17,18,18,19,1,6,11,18
Office_Depot_Dell_Series_11_Remanufactured_Ink_Cartridge_Black,133,338.3439190387726,66,119,123,133,133,133,133,133,66,119,123,133
029_plate,44,177.31712818145752,3,9,24,35,18,25,27,40,2,7,18,34
Reebok_HIMARA_LTR,16,151.77354884147644,0,2,4,11,15,16,16,16,0,2,4,11
Great_Dinos_Triceratops_Toy,595,873.6828544139862,317,528,588,595,589,591,594,595,317,527,587,595
Crayola_Washable_Sidewalk_Chalk_16_pack,26,139.00041246414185,4,11,15,23,23,24,24,26,4,11,15,23
Ortho_Forward_Facing_QCaor9ImJ2G,10,124.92291235923769,3,3,5,8,8,8,9,10,3,3,4,8
BUNNY_RACER,239,369.06231117248535,94,176,208,235,230,234,236,239,94,176,208,235
025_mug,199,339.3824212551117,39,112,155,180,174,175,180,188,39,112,154,178
Crayola_Model_Magic_Modeling_Material_Single_Packs_6_pack_05_oz_packs,34,160.31765866279602,8,25,31,33,33,33,33,33,8,25,31,33
Mastic_Gum,442,758.4543373584747,256,406,433,440,439,439,441,442,256,405,433,440
Melissa_Doug_Felt_Food_Pizza_Set,17,137.31194353103638,5,14,15,16,15,16,16,17,5,14,15,16
Perricone_MD_No_Bronzer_Bronzer,328,598.2534739971161,205,307,324,328,324,327,328,328,205,307,324,328
Lactoferrin,419,683.9863085746765,240,381,412,419,416,419,419,419,240,381,412,419
010_potted_meat_can,210,416.5000214576721,89,177,193,209,208,210,210,210,89,177,193,209
BlueBlack_Nintendo_3DSXL,75,272.69923067092896,22,46,58,68,47,51,61,70,19,41,54,66
Olive_Kids_Butterfly_Garden_Munch_n_Lunch_Bag,0,29.480711221694943,0,0,0,0,0,0,0,0,0,0,0,0
GEOMETRIC_PEG_BOARD,13,94.74892258644104,5,10,12,12,12,12,12,13,5,10,12,12
Tory_Burch_Kaitlin_Ballet_Mestico_in_BlackGold,152,392.4467725753784,46,107,130,149,133,140,146,151,43,97,126,148
Teenage_Mutant_Ninja_Turtles_Rahzar_Action_Figure,318,441.6019785404205,59,179,249,309,290,299,312,317,59,176,249,308
Threshold_Salad_Plate_Square_Rim_Porcelain,98,221.0394325256348,15,41,63,81,55,60,77,93,14,39,59,80
Sushi_Mat,26,267.65410900115967,4,9,11,21,7,11,13,23,3,6,7,20
Remington_TStudio_Hair_Dryer,41,166.9656159877777,9,26,34,40,37,38,39,41,9,25,33,40
Mens_Santa_Cruz_Thong_in_Tan_r59C69daRPh,55,211.1399254798889,20,41,45,52,47,49,52,54,20,39,45,52
Nickelodeon_Teenage_Mutant_Ninja_Turtles_Raphael,296,488.2377164363861,72,179,238,287,260,271,286,293,72,175,235,285
YumYum_D3_Liquid,353,690.7417743206024,273,338,351,353,347,351,352,353,273,337,350,353
043_phillips_screwdriver,609,713.6683878898621,358,537,586,606,560,581,599,607,354,530,582,605
TZX_Runner,8,128.81074619293213,0,0,2,8,8,8,8,8,0,0,2,8
Timberland_Mens_Earthkeepers_Stormbuck_Plain_Toe_Oxford,13,117.93141078948976,0,1,5,12,12,12,12,13,0,1,5,12
Ecoforms_Plant_Saucer_S17MOCHA,180,304.7187514305115,15,65,99,151,80,96,114,153,12,48,79,140
Ecoforms_Plant_Container_URN_SAN,22,81.35833191871643,0,2,6,10,7,8,10,18,0,2,5,10
Marc_Anthony_Strictly_Curls_Curl_Envy_Perfect_Curl_Cream_6_fl_oz_bottle,79,242.62930274009705,36,59,70,78,79,79,79,79,36,59,70,78
Room_Essentials_Bowl_Turquiose,53,139.28607869148254,2,25,41,47,19,31,40,49,2,20,34,46
Nestl_Skinny_Cow_Heavenly_Crisp_Candy_Bar_Chocolate_Raspberry_6_pack_462_oz_total,46,234.64859056472775,25,39,41,44,46,46,46,46,25,39,41,44
058_golf_ball,855,940.1818211078644,775,851,853,855,847,854,855,855,773,851,853,855
Metallic_Pewter_Tieks_Italian_Leather_Ballet_Flats,147,349.69248390197754,41,103,127,144,142,143,145,147,41,103,127,144
Perricone_MD_AcylGlutathione_Eye_Lid_Serum,151,345.541312456131,69,120,142,151,151,151,151,151,69,120,142,151
Schleich_Therizinosaurus_ln9cruulPqc,62,170.85009813308716,18,37,44,56,55,58,60,61,18,37,44,56
Ecoforms_Plant_Container_12_Pot_Nova,5,24.107845306396484,0,1,2,4,5,5,5,5,0,1,2,4
TERREX_FAST_X_GTX,9,104.32590985298155,0,3,5,8,9,9,9,9,0,3,5,8
Cole_Hardware_Electric_Pot_Cabana_55,25,97.85336399078368,1,7,14,20,16,17,19,24,0,6,13,20
Cole_Hardware_Mug_Classic_Blue,22,83.6392731666565,1,9,14,19,10,12,15,20,1,8,13,19
MARTIN_WEDGE_LACE_BOOT,8,111.16494870185852,3,6,7,7,8,8,8,8,3,6,7,7
Schleich_Allosaurus,280,471.10451197624207,70,162,212,273,243,253,270,276,70,160,211,271
Timberland_Mens_Classic_2Eye_Boat_Shoe,40,144.44605708122253,5,14,23,34,32,35,37,40,4,13,22,34
Borage_GLA240Gamma_Tocopherol,376,611.6457316875458,189,337,371,376,375,376,376,376,189,337,371,376
Crayola_Model_Magic_Modeling_Material_White_3_oz,40,180.02301669120789,13,31,33,39,38,39,40,40,13,31,33,39
ZX700_mf9Pc06uL06,6,119.80505800247192,0,2,4,5,6,6,6,6,0,2,4,5
Timberland_Mens_Earthkeepers_Casco_Bay_Suede_1Eye,39,171.88003015518188,4,18,26,36,34,35,37,38,4,18,25,36
005_tomato_soup_can,324,590.952912569046,120,244,288,316,319,322,324,324,120,244,288,316
Just_For_Men_Mustache_Beard_Brushin_Hair_Color_Gel_Kit_Jet_Black_M60,129,322.0376574993133,70,112,123,129,129,129,129,129,70,112,123,129
LEGO_5887_Dino_Defense_HQ,9,48.39491844177246,2,4,5,7,7,8,8,9,1,3,4,7
Olive_Kids_Paisley_Pencil_Case,63,206.14018654823303,17,42,55,63,63,63,63,63,17,42,55,63
Nestle_Pure_Life_Exotics_Sparkling_Water_Strawberry_Dragon_Fruit_8_count_12_fl_oz_can,0,26.649508237838745,0,0,0,0,0,0,0,0,0,0,0,0
Threshold_Porcelain_Pitcher_White,11,39.10118365287781,1,6,7,10,9,9,10,10,1,5,7,10
Mens_Authentic_Original_Boat_Shoe_in_Navy_Leather_xgoEcZtRNmH,90,271.180673122406,22,53,73,87,90,90,90,90,22,53,73,87
UGG_Classic_Tall_Womens_Boots_Grey_7,5,84.90410375595093,1,2,4,4,5,5,5,5,1,2,4,4
028_skillet_lid,160,309.99999475479126,16,50,93,127,112,124,134,154,16,50,93,127
SUPERSTAR_CLR,15,127.04271817207336,2,7,9,15,14,15,15,15,2,7,9,15
Envision_Home_Dish_Drying_Mat_Red_6_x_18,4,188.24788522720337,1,3,3,4,4,4,4,4,1,3,3,4
Perricone_MD_No_Foundation_Foundation_No_1,236,464.0075013637543,146,219,231,236,233,236,236,236,146,219,231,236
TOOL_BELT,16,84.24401831626892,1,6,10,15,14,14,14,15,1,6,10,15
HyperX_Cloud_II_Headset_Gun_Metal,0,24.65061831474304,0,0,0,0,0,0,0,0,0,0,0,0
LADYBUG_BEAD,486,992.205929517746,254,426,469,485,473,479,485,486,254,425,469,485
Timberland_Mens_Earthkeepers_Newmarket_6Inch_Cupsole_Boot,15,127.5031042098999,1,5,7,14,15,15,15,15,1,5,7,14
Office_Depot_Canon_CLI_8CMY_Remanufactured_Ink_Cartridges_Color_Cyan_Magenta_Yellow_3_count,30,170.22815203666687,10,19,27,30,30,30,30,30,10,19,27,30
Canon_225226_Ink_Cartridges_BlackColor_Cyan_Magenta_Yellow_6_count,11,107.6671540737152,3,6,9,10,9,9,11,11,3,6,9,10
ClimaCool_Aerate_2_W_Wide,22,133.95412969589233,3,13,18,20,21,21,22,22,3,13,18,20
Blackcurrant_Lutein,472,715.9147720336914,283,421,464,472,470,471,472,472,283,421,464,472
FemDophilus,239,408.24032711982727,129,208,232,239,239,239,239,239,129,208,232,239
Mens_Billfish_Ultra_Lite_Boat_Shoe_in_Dark_Brown_Blue_c6zDZTtRJr6,23,156.79130172729492,3,9,16,21,23,23,23,23,3,9,16,21
Ecoforms_Plant_Container_URN_NAT,18,70.40476536750793,0,7,9,13,9,10,12,13,0,6,8,12
Bifidus_Balance_FOS,466,778.8404829502106,293,419,455,466,460,465,466,466,293,419,455,466
SpiderMan_Titan_Hero_12Inch_Action_Figure_5Hnn4mtkFsP,149,278.47479128837585,31,69,104,133,136,140,144,148,31,69,104,133
Mens_Tremont_Kiltie_Tassel_Loafer_in_Black_Amaretto_FT0I9OjSA6O,32,206.97189927101132,5,16,23,30,32,32,32,32,5,16,23,30
Jarrow_Formulas_Glucosamine_Hci_Mega_1000_100_ct,381,649.265419960022,200,336,366,381,378,379,381,381,200,336,366,381
U_By_Kotex_Sleek_Regular_Unscented_Tampons_36_Ct_Box,1,95.57304239273073,0,1,1,1,1,1,1,1,0,1,1,1
Timberland_Mens_Earthkeepers_Heritage_2Eye_Boat_Shoe,24,176.39321160316467,3,11,17,19,23,24,24,24,3,11,17,19
Tory_Burch_Sabe_65mm_Bootie_Split_Suede_in_Caramel,38,214.15593075752255,10,24,32,34,34,35,36,37,10,24,32,34
Cascadia_8_Color_AquariusHibscsBearingSeaBlk_Size_50,19,170.12436366081238,4,11,14,18,19,19,19,19,4,11,14,18
Dino_5,164,309.8387544155121,45,118,148,158,156,160,161,164,45,118,147,158
Threshold_Tray_Rectangle_Porcelain,65,196.66841769218445,11,32,45,58,41,46,53,62,10,29,42,56
Mens_Billfish_Slip_On_in_Coffee_nK6AJJAHOae,33,164.00097489356995,2,14,24,31,33,33,33,33,2,14,24,31
Threshold_Bistro_Ceramic_Dinner_Plate_Ruby_Ring,30,195.68226528167725,3,10,18,22,15,18,21,28,2,9,17,22
CoQ10,459,774.5962126255035,299,427,454,459,451,456,459,459,299,426,454,459
Asus_80211ac_DualBand_Gigabit_Wireless_Router_RTAC68R,0,28.731618404388428,0,0,0,0,0,0,0,0,0,0,0,0
SHAPE_MATCHING_NxacpAY9jDt,55,229.4541821479797,19,43,48,54,46,48,49,54,19,41,46,54
Tag_Dishtowel_Dobby_Stripe_Blue_18_x_26,35,238.1997630596161,8,16,26,34,23,25,29,34,7,15,23,34
Luigis_Mansion_Dark_Moon_Nintendo_3DS_Game,30,357.70766711235046,6,20,25,29,20,23,23,30,5,19,22,29
Lovable_Huggable_Cuddly_Boutique_Teddy_Bear_Beige,1,65.0366952419281,1,1,1,1,1,1,1,1,1,1,1,1
Mens_Wave_Driver_Kiltie_Moc_in_Tan_Leather,43,175.54267501831055,7,19,32,36,37,38,38,42,7,19,31,36
Mens_ASV_Shock_Light_Bungee_in_Light_Grey_xGCOvtLDnQJ,6,134.00120282173157,0,1,3,6,6,6,6,6,0,1,3,6
Sony_Acid_Music_Studio,31,195.9439382553101,17,27,29,30,30,30,30,31,17,27,29,30
Pepsi_Max_Cola_Zero_Calorie_12_12_fl_oz_355_ml_cans_144_fl_oz_426_lt,0,18.881617069244385,0,0,0,0,0,0,0,0,0,0,0,0
3D_Dollhouse_Lamp,402,638.5827689170837,157,296,358,394,356,372,384,398,157,288,348,391
Ecoforms_Plant_Saucer_S20MOCHA,117,216.39304876327515,6,30,56,86,50,58,79,107,5,25,49,85
BIA_Porcelain_Ramekin_With_Glazed_Rim_35_45_oz_cup,371,589.3663861751556,84,230,299,341,270,296,326,359,81,211,283,338
Rubbermaid_Large_Drainer,17,64.15356779098511,2,6,7,15,15,16,16,17,2,6,7,15
Great_Jones_Wingtip_kAqSg6EgG0I,20,142.39190101623535,1,5,14,18,20,20,20,20,1,5,14,18
Shurtape_Gaffers_Tape_Silver_2_x_60_yd,77,206.9388439655304,38,67,74,76,76,76,77,77,38,67,74,76
Threshold_Bead_Cereal_Bowl_White,68,122.70171189308168,7,35,55,66,31,37,50,67,7,22,43,65
Target_Basket_Medium,2,28.680956840515137,1,2,2,2,2,2,2,2,1,2,2,2
Sperry_TopSider_tNB9t6YBUf3,14,161.99158811569214,2,9,12,14,14,14,14,14,2,9,12,14
055_baseball,899,943.2567882537842,398,862,899,899,899,899,899,899,398,862,899,899
WHALE_WHISTLE_6PCS_SET,521,946.8435258865356,362,480,515,520,515,517,518,520,362,480,513,519
adistar_boost_m,8,128.0345983505249,0,2,3,5,8,8,8,8,0,2,3,5
F10_TRX_TF_rH7tmKCdUJq,40,186.31072449684143,2,12,23,37,40,40,40,40,2,12,23,37
Justified_The_Complete_Fourth_Season_3_Discs_DVD,25,234.89590644836423,6,16,20,25,24,25,25,25,6,16,20,25
3M_Vinyl_Tape_Green_1_x_36_yd,213,431.91605138778687,75,147,186,197,181,187,198,208,75,142,182,197
Ecoforms_Plant_Plate_S11Turquoise,249,492.1643371582031,13,65,128,209,75,92,120,192,7,33,85,176
My_First_Wiggle_Crocodile,242,401.8267314434052,110,206,227,241,230,237,241,242,109,206,227,241
Melissa_Doug_Pound_and_Roll,23,59.02539825439453,6,11,15,21,23,23,23,23,6,11,15,21
CAR_CARRIER_TRAIN,324,529.9322521686554,188,289,316,324,313,318,322,324,187,288,315,324
Santa_Cruz_Mens,26,149.9805076122284,4,15,19,23,25,25,26,26,4,15,19,23
STACKING_RING,194,352.86411333084106,82,155,186,193,191,192,194,194,82,155,186,193
Threshold_Performance_Bath_Sheet_Sandoval_Blue_33_x_63,1,37.472713232040405,0,1,1,1,1,1,1,1,0,1,1,1
Perricone_MD_Vitamin_C_Ester_15,87,229.9462096691132,37,71,80,87,87,87,87,87,37,71,80,87
Office_Depot_HP_564XL_Remanufactured_Ink_Cartridges_Color_Cyan_Magenta_Yellow_3_count,46,203.15065479278564,7,21,29,44,44,46,46,46,7,21,29,44
Mist_Wipe_Warmer,0,26.53009819984436,0,0,0,0,0,0,0,0,0,0,0,0
Hasbro_Trivial_Pursuit_Family_Edition_Game,0,71.60107254981995,0,0,0,0,0,0,0,0,0,0,0,0
Adrenaline_GTS_13_Color_WhtObsdianBlckOlmpcSlvr_Size_70,15,122.38321375846864,1,2,5,11,14,14,15,15,1,2,5,11
Reebok_STUDIO_BEAT_LOW_V,31,219.8766405582428,2,14,21,29,30,31,31,31,2,14,21,29
Crosley_Alarm_Clock_Vintage_Metal,208,343.6030616760254,89,151,183,206,200,204,206,208,89,151,183,206
UGG_Jena_Womens_Java_7,13,175.1365737915039,2,6,9,12,13,13,13,13,2,6,9,12
Ecoforms_Cup_B4_SAN,236,460.27789187431335,38,133,184,206,173,178,187,213,36,126,171,196
INTERNATIONAL_PAPER_Willamette_4_Brown_Bag_500Count,0,27.269370317459103,0,0,0,0,0,0,0,0,0,0,0,0
My_First_Rolling_Lion,162,326.2116658687592,76,128,148,160,156,158,158,161,76,128,148,160
Asus_M5A78LMUSB3_Motherboard_Micro_ATX_Socket_AM3,0,80.20339703559875,0,0,0,0,0,0,0,0,0,0,0,0
Reebok_SH_NEWPORT_LOW,21,153.2823224067688,5,14,18,19,21,21,21,21,5,14,18,19
Reebok_CL_DIBELLO_II,8,121.60506129264832,3,4,5,6,6,6,6,7,3,4,5,6
Seagate_1TB_Backup_Plus_portable_drive_Silver,58,446.3586077690125,12,30,39,52,37,41,47,56,12,30,38,51
Schleich_Bald_Eagle,357,634.7641894817352,87,222,288,340,254,281,302,341,84,209,270,332
Down_To_Earth_Orchid_Pot_Ceramic_Lime,18,61.36147737503052,0,1,4,10,5,7,11,14,0,1,3,10
Lalaloopsy_Peanut_Big_Top_Tricycle,239,451.6174802780152,46,126,176,216,184,202,216,231,45,121,169,215
Crayola_Washable_Sidewalk_Chalk_16_pack_wDZECiw7J6s,36,123.50893926620483,3,15,24,34,35,36,36,36,3,15,24,34
Ecoforms_Plant_Saucer_SQ1HARVEST,381,571.1488122940063,57,137,249,364,140,177,217,321,42,93,175,317
Ecoforms_Plant_Pot_GP9AAvocado,194,439.9077637195587,47,118,147,168,148,155,164,179,47,118,143,165
073-d_lego_duplo,793,1001.2209317684174,352,618,728,791,712,746,777,793,347,607,722,791
3D_Dollhouse_Sofa,59,185.6109075546265,25,46,52,57,55,57,58,59,25,46,52,57
Epson_Ink_Cartridge_126_Yellow,99,388.671183347702,33,69,86,94,84,89,90,96,33,68,85,94
Retail_Leadership_Summit_eCT3zqHYIkX,13,82.4998869895935,2,5,8,11,9,9,11,12,2,5,8,10
Tune_Belt_Sport_Armband_For_Samsung_Galaxy_S3,28,216.517826795578,8,19,25,26,27,28,28,28,8,19,25,26
Perricone_MD_Neuropeptide_Facial_Conformer,260,468.8172914981842,146,225,245,259,253,258,259,260,146,225,245,259
Supernatural_Ouija_Board_Game,1,74.20583271980286,0,1,1,1,1,1,1,1,0,1,1,1
Tag_Dishtowel_Basket_Weave_Red_18_x_26,53,257.7085201740265,23,37,40,51,38,41,48,51,23,35,40,50
Racoon,9,87.4879961013794,2,5,6,8,9,9,9,9,2,5,6,8
FisherPrice_Make_A_Match_Game_Thomas_Friends,1,124.2135558128357,0,0,1,1,1,1,1,1,0,0,1,1
Sorry_Sliders_Board_Game,2,56.78532791137695,0,2,2,2,2,2,2,2,0,2,2,2
Office_Depot_Canon_CLI_8Y_Ink_Cartridge_Yellow_0623B002,137,318.404333114624,59,108,134,137,135,136,137,137,59,108,134,137
Digital_Camo_Double_Decker_Lunch_Bag,0,16.663225889205933,0,0,0,0,0,0,0,0,0,0,0,0
Reebok_CLASSIC_JOGGER,91,298.89683079719543,28,62,76,89,90,91,91,91,28,62,76,89
Cole_Hardware_Antislip_Surfacing_Material_White,12,57.55990481376648,1,9,11,12,12,12,12,12,1,9,11,12
Timberland_Mens_Earthkeepers_Casco_Bay_Canvas_Oxford,24,172.5698685646057,8,15,20,23,23,23,23,24,8,15,20,23
062_dice,896,775.4143815040588,154,687,876,896,858,875,883,895,152,679,865,895
Poise_Ultimate_Pads_Long,0,12.902405023574827,0,0,0,0,0,0,0,0,0,0,0,0
FIRE_ENGINE,292,549.5604066848755,115,204,253,284,260,268,279,291,113,199,250,283
Chelsea_BlkHeelPMP_DwxLtZNxLZZ,110,327.7233672142029,28,75,94,108,105,108,109,110,28,73,93,108
Mens_Tremont_Kiltie_Tassel_Loafer_in_Black_Amaretto,49,217.2154071331024,7,18,28,44,48,48,48,48,7,18,28,44
Timberland_Womens_Classic_Amherst_2Eye_Boat_Shoe,39,191.75075101852417,10,26,31,39,38,38,39,39,10,25,31,39
Cole_Hardware_Saucer_Electric,309,437.2989144325256,65,157,237,293,170,196,235,285,54,125,205,279
Perricone_MD_No_Mascara_Mascara,283,499.4328627586365,189,269,282,283,281,282,283,283,189,268,282,283
Nickelodeon_Teenage_Mutant_Ninja_Turtles_Leonardo,272,449.32439041137695,78,167,220,261,238,250,259,269,78,164,216,260
Razer_Abyssus_Ambidextrous_Gaming_Mouse,236,477.4858312606812,119,188,210,229,200,206,219,231,118,186,207,227
Crunch_Girl_Scouts_Candy_Bars_Peanut_Butter_Creme_78_oz_box,17,136.92237734794617,3,12,15,17,17,17,17,17,3,12,15,17
003_cracker_box,7,92.13540124893188,1,3,6,7,7,7,7,7,1,3,6,7
073-e_lego_duplo,535,685.0494592189789,201,364,451,519,463,486,508,531,198,361,443,517
Epson_LabelWorks_LC5WBN9_Tape_reel_labels_071_x_295_Roll_Black_on_White,176,368.4738371372223,101,146,165,170,165,167,171,173,101,146,165,170
Reebok_REALFLEX_SELECT,9,119.91507697105408,0,3,6,9,9,9,9,9,0,3,6,9
Room_Essentials_Dish_Drainer_Collapsible_White,13,56.867342472076416,3,5,8,11,12,12,12,13,3,5,8,11
Timberland_Womens_Waterproof_Nellie_Chukka_Double,8,118.32670211791992,2,3,4,7,7,8,8,8,2,3,4,7
Little_Debbie_Cloud_Cakes_10_ct,2,72.13338017463684,1,1,1,2,2,2,2,2,1,1,1,2
Reebok_JR_ZIG_COOPERSTOWN_MR,48,186.1170003414154,10,26,34,45,48,48,48,48,10,26,34,45
Cole_Hardware_Orchid_Pot_85,15,57.58419847488403,2,3,6,11,7,8,14,15,2,3,6,11
Google_Cardboard_Original_package,13,204.29576587677,5,12,12,13,13,13,13,13,5,12,12,13
Ecoforms_Plant_Container_QP6CORAL,14,47.52086234092712,0,1,4,6,4,6,6,10,0,1,3,6
Court_Attitude,9,77.08995461463928,3,4,4,5,4,7,9,9,3,4,4,5
065-i_cups,249,395.1878418922424,41,146,202,228,218,226,231,241,41,142,198,227
Timberland_Womens_Earthkeepers_Classic_Unlined_Boat_Shoe,50,229.40822887420651,10,23,36,50,50,50,50,50,10,23,36,50
QAbsorb_CoQ10,423,677.2532477378845,229,385,415,423,421,423,423,423,229,385,415,423
Netgear_N750_Wireless_Dual_Band_Gigabit_Router,1,48.05230331420898,0,1,1,1,1,1,1,1,0,1,1,1
Crayola_Washable_Fingerpaint_Red_Blue_Yellow_3_count_8_fl_oz_bottes_each,7,123.67075991630554,5,7,7,7,7,7,7,7,5,7,7,7
Transformers_Age_of_Extinction_Stomp_and_Chomp_Grimlock_Figure,17,68.2662341594696,2,7,13,16,16,16,16,17,2,7,13,16
D_ROSE_ENGLEWOOD_II,8,106.49722695350648,0,3,4,7,8,8,8,8,0,3,4,7
Perricone_MD_OVM,54,207.9013068675995,23,39,49,52,53,53,54,54,23,39,49,52
Womens_Angelfish_Boat_Shoe_in_Linen_Leopard_Sequin_NJDwosWNeZz,110,296.6897692680359,28,72,94,108,109,110,110,110,28,72,94,108
QHPomegranate,437,721.4854745864868,246,381,428,436,432,436,436,437,246,381,428,436
Ecoforms_Planter_Pot_GP12AAvocado,98,246.5332055091858,9,30,41,62,52,54,65,86,8,27,36,60
Cole_Hardware_Saucer_Glazed_6,219,331.4920084476471,33,108,160,202,116,140,169,210,24,80,137,199
Crazy_8,5,68.58450222015381,0,4,4,4,5,5,5,5,0,4,4,4
Wilton_Pearlized_Sugar_Sprinkles_525_oz_Gold,385,645.1600289344788,284,364,380,384,377,380,383,384,284,363,380,383
Ocedar_Snap_On_Dust_Pan_And_Brush_1_ct,38,128.89215755462646,10,19,25,31,24,26,29,33,10,18,24,31
SANDWICH_MEAL,134,371.2294073104858,69,113,126,134,126,130,133,134,69,112,126,134
Super_Mario_3D_World_Deluxe_Set,62,237.8627781867981,31,55,61,61,61,62,62,62,31,55,61,61
Reef_Star_Cushion_Flipflops_Size_8_Black,108,308.5903596878052,31,75,96,106,99,102,106,107,31,74,96,106
Ghost_6_GTX_Color_AnthBlckSlvrFernSulphSprng_Size_80,11,126.67648458480836,3,6,10,10,11,11,11,11,3,6,10,10
Paul_Frank_Dot_Lunch_Box,1,34.00342893600464,0,0,1,1,1,1,1,1,0,0,1,1
Elephant,3,49.71739792823792,1,3,3,3,3,3,3,3,1,3,3,3
Xyli_Pure_Xylitol,50,152.31530046463013,8,24,42,50,50,50,50,50,8,24,42,50
ASICS_GELAce_Pro_Pearl_WhitePink,11,137.27597379684448,1,2,5,9,11,11,11,11,1,2,5,9
Wilton_PreCut_Parchment_Sheets_10_x_15_24_sheets,163,337.468962430954,93,156,161,163,163,163,163,163,93,156,161,163
Marvel_Avengers_Titan_Hero_Series_Doctor_Doom,68,192.99990105628967,12,31,42,61,61,62,66,67,12,30,42,61
Whey_Protein_3_Flavor_Variety_Pack_12_Packets,0,47.59066653251648,0,0,0,0,0,0,0,0,0,0,0,0
Wrigley_Orbit_Mint_Variety_18_Count,2,141.71644926071167,0,1,2,2,2,2,2,2,0,1,2,2
Melissa_Doug_Shape_Sorting_Clock,13,122.38773775100708,5,9,12,13,12,12,13,13,5,9,12,13
3D_Dollhouse_Happy_Brother,444,798.5445561408997,152,313,407,439,369,396,424,442,148,300,394,437
Adrenaline_GTS_13_Color_DrkDenimWhtBachlorBttnSlvr_Size_50_yfK40TNjq0V,10,121.90462398529051,2,4,7,10,10,10,10,10,2,4,7,10
Vtech_Stack_Sing_Rings_636_Months,27,98.29965305328368,4,14,22,27,27,27,27,27,4,14,22,27
Schleich_African_Black_Rhino,417,703.5911111831665,202,333,394,414,393,399,408,414,201,330,390,412
Reebok_ZIGLITE_RUSH_AC,64,220.0643839836121,12,34,50,62,62,62,63,63,12,34,50,62
Melissa_Doug_Traffic_Signs_and_Vehicles,15,68.5428900718689,3,9,14,15,15,15,15,15,3,9,14,15
063-b_marbles,768,820.689900636673,580,743,765,768,748,759,764,768,577,737,761,768
Ortho_Forward_Facing_3Q6J2oKJD92,12,76.63174271583557,1,10,11,12,12,12,12,12,1,10,11,12
Utana_5_Porcelain_Ramekin_Large,56,151.41671442985535,9,28,43,50,26,35,46,54,7,22,39,49
GEARS_PUZZLES_STANDARD_gcYxhNHhKlI,57,201.76843523979187,24,44,50,53,51,51,53,55,24,44,50,53
Twinlab_100_Whey_Protein_Fuel_Vanilla,0,14.953734874725342,0,0,0,0,0,0,0,0,0,0,0,0
051_large_clamp,267,427.6757817268372,109,211,245,262,231,244,261,266,106,203,243,261
Office_Depot_Dell_Series_9_Color_Ink_Ink_Cartridge_MK991_MK993,130,303.0926389694214,65,113,123,130,129,130,130,130,65,113,123,130
Paint_Maker,0,21.843313455581665,0,0,0,0,0,0,0,0,0,0,0,0
Hilary,46,226.8797686100006,12,33,39,43,44,44,45,45,12,33,39,43
Nintendo_Mario_Action_Figure,448,778.9740474224091,157,308,409,439,406,429,437,445,157,306,407,438
REEF_BRAIDED_CUSHION,140,362.3757753372192,42,101,123,136,112,120,130,140,41,94,118,136
021_bleach_cleanser,59,269.8949041366577,26,42,47,58,59,59,59,59,26,42,47,58
HyperX_Cloud_II_Headset_Red,0,19.461247444152832,0,0,0,0,0,0,0,0,0,0,0,0
Blue_Jasmine_Includes_Digital_Copy_UltraViolet_DVD,24,263.5506145954132,11,17,18,23,14,15,18,21,11,14,16,20
Schleich_Hereford_Bull,355,630.2057685852051,164,271,324,352,337,345,350,354,164,269,321,351
Snack_Catcher_Snack_Dispenser,187,333.4524579048157,35,118,160,182,177,179,186,187,34,115,160,182
Phillips_Stool_Softener_Liquid_Gels_30_liquid_gels,218,448.6288287639618,119,189,211,218,218,218,218,218,119,189,211,218
Baby_Elements_Stacking_Cups,38,137.57408547401428,4,14,24,35,37,38,38,38,4,14,24,35
Womens_Betty_Chukka_Boot_in_Salt_Washed_Red_AL2YrOt9CRy,43,247.81587386131287,12,22,32,39,41,42,42,43,12,22,32,39
U_By_Kotex_Cleanwear_Heavy_Flow_Pads_32_Ct,0,44.293089151382446,0,0,0,0,0,0,0,0,0,0,0,0
Perricone_MD_Blue_Plasma_Orbital,109,330.6558938026428,56,91,103,108,109,109,109,109,56,91,103,108
Seagate_1TB_Backup_Plus_portable_drive_Blue,57,407.2497501373291,17,33,43,54,40,43,48,55,17,33,41,52
ASICS_HyperRocketgirl_SP_5_WhiteMalibu_BlueBlack,79,248.24870777130127,25,57,70,78,79,79,79,79,25,57,70,78
Ecoforms_Plant_Container_GP16AMOCHA,19,65.41667485237122,0,0,2,7,3,4,7,13,0,0,1,7
Provence_Bath_Towel_Royal_Blue,0,61.704840898513794,0,0,0,0,0,0,0,0,0,0,0,0
Dixie_10_ounce_Bowls_35_ct,59,148.63132309913635,27,45,54,58,56,57,58,59,26,44,54,58
AMBERLIGHT_UP_W,12,135.60251379013062,3,5,8,11,11,12,12,12,3,5,8,11
Phillips_Caplets_Size_24,216,472.7868897914887,122,195,209,216,214,216,216,216,122,195,209,216
Now_Designs_Dish_Towel_Mojave_18_x_28,13,213.3544774055481,3,8,10,12,10,10,12,13,3,8,10,12
My_Monopoly_Board_Game,1,61.268365144729614,1,1,1,1,1,1,1,1,1,1,1,1
Nintendo_2DS_Crimson_Red,55,306.1612594127655,27,48,53,55,47,49,53,55,27,47,51,55
Hasbro_Dont_Wake_Daddy_Board_Game_NJnjGna4u1a,3,68.01379585266113,0,0,0,2,1,1,1,3,0,0,0,2
Circo_Fish_Toothbrush_Holder_14995988,105,264.62602400779724,3,14,63,105,104,105,105,105,3,14,63,105
HP_1800_Tablet_8GB_7,28,287.06118059158325,3,16,18,26,16,17,18,23,2,15,17,23
UGG_Cambridge_Womens_Black_7,8,101.97883582115172,1,2,4,6,8,8,8,8,1,2,4,6
Markings_Desk_Caddy,17,63.98923921585083,0,4,8,12,8,9,10,13,0,2,6,11
Air_Hogs_Wind_Flyers_Set_Airplane_Red,92,262.1218011379242,24,52,70,83,68,71,76,87,24,46,66,81
Gigabyte_GAZ97XSLI_10_motherboard_ATX_LGA1150_Socket_Z97,0,43.28226375579834,0,0,0,0,0,0,0,0,0,0,0,0
035_power_drill,111,319.58393907547,68,100,107,110,107,109,109,111,68,100,107,110
Perricone_MD_Face_Finishing_Moisturizer,325,537.3583753108978,183,302,322,325,325,325,325,325,183,302,322,325
Mens_ASV_Billfish_Boat_Shoe_in_Tan_Leather_wmUJ5PbwANc,23,135.00025582313538,2,10,15,21,19,22,23,23,1,10,15,21
Reebok_DMX_MAX_MANIA_WD_D,17,146.81776309013367,1,7,12,16,17,17,17,17,1,7,12,16
071_nine_hole_peg_test,16,240.92048454284668,9,15,16,16,16,16,16,16,9,15,16,16
ASICS_GELTour_Lyte_WhiteOrchidSilver,27,184.3980312347412,7,14,19,24,26,26,26,27,7,14,19,24
Olive_Kids_Birdie_Munch_n_Lunch,1,36.890740633010864,0,0,0,0,1,1,1,1,0,0,0,0
012_strawberry,815,893.1901969909668,629,795,814,815,809,813,815,815,628,795,814,815
Thomas_Friends_Wooden_Railway_Porter_5JzRhMm3a9o,446,893.4043691158295,260,392,432,446,427,435,442,446,260,391,430,446
Razer_Taipan_Black_Ambidextrous_Gaming_Mouse,173,359.72667813301086,93,144,161,169,158,163,169,171,93,143,160,168
Squirrel,85,225.52705335617063,19,56,70,84,83,83,84,85,19,56,70,84
FRUIT_VEGGIE_MEMO_GRADIENT,19,173.19770097732544,7,14,18,19,15,15,17,19,7,13,17,19
Womens_Authentic_Original_Boat_Shoe_in_Classic_Brown_Leather_48Nh7VuMwW6,79,273.1709554195404,18,44,65,77,78,78,79,79,18,44,65,77
Womens_Bluefish_2Eye_Boat_Shoe_in_Linen_Oat_IbrSyJdpT3h,77,263.93772149086,22,43,62,75,76,77,77,77,22,43,62,75
008_pudding_box,251,426.88096928596497,166,225,243,251,246,250,251,251,166,225,243,251
Predito_LZ_TRX_FG_W,30,189.44477772712708,6,20,24,30,30,30,30,30,6,20,24,30
Womens_Canvas_Bahama_in_White_UfZPHGQpvz0,84,247.058007478714,21,50,68,82,79,80,81,84,21,50,67,82
Nickelodeon_Teenage_Mutant_Ninja_Turtles_Michelangelo,287,448.5997257232666,95,191,235,276,252,263,270,283,94,189,233,274
Crayola_Crayons_120_crayons,5,96.09017753601074,1,3,3,4,5,5,5,5,1,3,3,4
Perricone_MD_Cold_Plasma_Body,62,207.1841561794281,25,42,51,61,62,62,62,62,25,42,51,61
ALPHABET_AZ_GRADIENT_WQb1ufEycSj,2,135.62166094779968,1,1,2,2,1,1,1,2,1,1,1,2
Perricone_MD_Hypoallergenic_Firming_Eye_Cream_05_oz,500,735.7252962589264,325,471,499,500,499,499,500,500,325,471,499,500
Perricone_MD_The_Metabolic_Formula_Supplements,5,85.31459355354309,0,0,2,3,5,5,5,5,0,0,2,3
Pepsi_Cola_Caffeine_Free_12_12_fl_oz_355_ml_cans_144_fl_oz_426_lt,0,24.05734086036682,0,0,0,0,0,0,0,0,0,0,0,0
OXO_Soft_Works_Can_Opener_SnapLock,378,584.827959060669,154,307,354,376,345,354,370,376,153,303,351,374
Reebok_ZIGTECH_SHARK_MAYHEM360,16,110.82196402549744,2,8,12,16,16,16,16,16,2,8,12,16
Down_To_Earth_Orchid_Pot_Ceramic_Red,14,72.42423486709595,1,4,10,14,12,13,13,14,1,4,9,14
